Week,Population,ID,Treatment,Conductance,Chlorophyll,Alpha,ETRmax,Ek,NPQmax,Fv/Fm,Phase
1,Koko,K13A,C,245.1,38.9,NA,NA,NA,NA,NA,Treatment
1,Koko,K14A,C,266.1,26.5,NA,NA,NA,NA,NA,Treatment
1,Koko,K15A,C,300.1,26.1,NA,NA,NA,NA,NA,Treatment
1,Koko,K16A,C,274.6,35.2,NA,NA,NA,NA,NA,Treatment
1,Koko,K17A,C,244.1,34.2,NA,NA,NA,NA,NA,Treatment
1,Koko,K18A,C,226.2,32.9,NA,NA,NA,NA,NA,Treatment
1,Koko,K19A,C,272.4,30.2,NA,NA,NA,NA,NA,Treatment
1,Koko,K20A,C,196.2,26.3,NA,NA,NA,NA,NA,Treatment
1,Koko,K21A,C,257.6,27,NA,NA,NA,NA,NA,Treatment
1,Koko,K22A,C,204.2,32,NA,NA,NA,NA,NA,Treatment
1,Koko,K23A,C,269,28.1,NA,NA,NA,NA,NA,Treatment
1,Koko,K24A,C,208,20,NA,NA,NA,NA,NA,Treatment
1,Koko,K37A,PD,300.7,33.7,NA,NA,NA,NA,NA,Treatment
1,Koko,K38A,PD,342.6,35.1,NA,NA,NA,NA,NA,Treatment
1,Koko,K39A,PD,308.6,35.6,NA,NA,NA,NA,NA,Treatment
1,Koko,K40A,PD,243.5,33.8,NA,NA,NA,NA,NA,Treatment
1,Koko,K41A,PD,255.1,25.3,NA,NA,NA,NA,NA,Treatment
1,Koko,K42A,PD,279.9,23.7,NA,NA,NA,NA,NA,Treatment
1,Koko,K43A,PD,209.5,33.3,NA,NA,NA,NA,NA,Treatment
1,Koko,K44A,PD,122.8,34.5,NA,NA,NA,NA,NA,Treatment
1,Koko,K45A,PD,294.2,30.5,NA,NA,NA,NA,NA,Treatment
1,Koko,K46A,PD,293,30.7,NA,NA,NA,NA,NA,Treatment
1,Koko,K47A,PD,289.2,28.7,NA,NA,NA,NA,NA,Treatment
1,Koko,K48A,PD,265.4,28.3,NA,NA,NA,NA,NA,Treatment
2,Koko,K13A,C,528,36.9,0.172,96.544,562.136,0.769,0.677,Treatment
2,Koko,K14A,C,753.5,27.2,0.196,151.286,771.713,1.229,0.631,Treatment
2,Koko,K15A,C,706.2,18.2,0.176,178.714,1017.269,1.076,0.609,Treatment
2,Koko,K16A,C,808.8,27.1,0.15,117.071,778.451,1.227,0.557,Treatment
2,Koko,K17A,C,757.7,35.2,0.147,89.622,610.293,0.774,0.574,Treatment
2,Koko,K18A,C,835.2,29.3,0.172,199.202,1161.294,0.746,0.589,Treatment
2,Koko,K19A,C,934.6,34,0.158,199.889,1263.447,0.765,0.589,Treatment
2,Koko,K20A,C,488.3,36.6,0.19,146.847,774.351,1.665,0.595,Treatment
2,Koko,K21A,C,825.8,20.1,0.165,110.154,668.512,1.613,0.552,Treatment
2,Koko,K22A,C,845.4,36.7,0.19,182.764,963.295,0.992,0.611,Treatment
2,Koko,K23A,C,724.7,29,0.188,185.601,986.436,1.248,0.627,Treatment
2,Koko,K24A,C,773.7,26.6,0.184,182.286,993.041,1.25,0.604,Treatment
2,Koko,K37A,PD,754.9,24.6,0.179,87.043,485.142,0.634,0.668,Treatment
2,Koko,K38A,PD,567.6,32,0.205,127.129,620.328,0.537,0.675,Treatment
2,Koko,K39A,PD,601,30.2,0.183,136.429,745.472,1.454,0.611,Treatment
2,Koko,K40A,PD,553.9,32.5,0.156,81.397,521.614,1.065,0.668,Treatment
2,Koko,K41A,PD,683.6,26.9,0.181,169.899,941.098,0.658,0.688,Treatment
2,Koko,K42A,PD,628.2,26.3,0.206,169.957,824.046,0.759,0.653,Treatment
2,Koko,K43A,PD,760,26.1,0.179,136.897,765.453,1.049,0.66,Treatment
2,Koko,K44A,PD,722.3,32.9,0.211,149.372,706.541,0.913,0.69,Treatment
2,Koko,K45A,PD,544.7,29.6,0.196,127.436,650.595,1.181,0.667,Treatment
2,Koko,K46A,PD,721.5,30,0.191,187.918,983.424,0.749,0.619,Treatment
2,Koko,K47A,PD,842.3,19.3,0.177,151.071,851.766,1.185,0.609,Treatment
2,Koko,K48A,PD,288.5,31.7,0.182,144.591,792.295,0.887,0.624,Treatment
3,Koko,K13A,C,830.9,33.4,0.197,171.536,871.948,1.017,0.675,Treatment
3,Koko,K14A,C,857.8,29.7,0.183,151.593,828.704,1.256,0.626,Treatment
3,Koko,K15A,C,770,23.9,0.153,135.544,885.651,1.201,0.608,Treatment
3,Koko,K16A,C,910.5,34.2,0.18,136.767,759.429,1.295,0.608,Treatment
3,Koko,K17A,C,836.4,31.3,0.179,102.501,573.702,1.341,0.646,Treatment
3,Koko,K18A,C,740.3,21.8,0.182,173.312,950.804,1.05,0.636,Treatment
3,Koko,K19A,C,781.6,24,0.18,116.754,647.741,0.796,0.57,Treatment
3,Koko,K20A,C,815,22.6,0.179,132.395,737.887,1.125,0.608,Treatment
3,Koko,K21A,C,917.6,22.5,0.157,102.933,655.557,1.049,0.51,Treatment
3,Koko,K22A,C,844,32.9,0.171,155.346,906.36,1.072,0.589,Treatment
3,Koko,K23A,C,870.5,29.7,0.184,153.012,832.636,1.24,0.64,Treatment
3,Koko,K24A,C,809.2,31.2,0.196,181.522,923.997,0.865,0.661,Treatment
3,Koko,K37A,PD,578,29.7,0.156,84.962,544.964,1.121,0.71,Treatment
3,Koko,K38A,PD,593.2,38.6,0.156,78.854,504.041,0.657,0.7,Treatment
3,Koko,K39A,PD,639.4,38.1,0.166,135.033,813.548,1.345,0.643,Treatment
3,Koko,K40A,PD,619.1,31.4,0.158,206.931,1307.999,1.043,0.678,Treatment
3,Koko,K41A,PD,721.4,27,0.177,138.138,780.756,1.023,0.672,Treatment
3,Koko,K42A,PD,623.4,24.1,0.166,151.632,915.962,1,0.59,Treatment
3,Koko,K43A,PD,683.6,30.5,0.173,154.79,896.26,0.762,0.721,Treatment
3,Koko,K44A,PD,719,36.3,0.196,196.747,1003.01,0.92,0.715,Treatment
3,Koko,K45A,PD,577.8,29.7,0.183,75.113,410.253,0.255,0.639,Treatment
3,Koko,K46A,PD,788.4,34.2,0.189,137.507,728.526,1.598,0.731,Treatment
3,Koko,K47A,PD,853.4,32,0.202,117.474,0.731,0.548,0.74,Treatment
3,Koko,K48A,PD,903.5,31.8,0.174,191.157,1097.441,0.988,0.632,Treatment
4,Koko,K13A,C,693.9,30.3,0.201,253.53,1174.44,0.796,0.659,Treatment
4,Koko,K14A,C,692.4,24.5,0.194,172.274,885.784,1.422,0.684,Treatment
4,Koko,K15A,C,386.1,18.2,0.174,146.7,843.811,1.443,0.572,Treatment
4,Koko,K16A,C,690.9,32,0.174,140.262,805.57,1.045,0.611,Treatment
4,Koko,K17A,C,759.5,26.3,0.168,151.208,898.733,1.034,0.587,Treatment
4,Koko,K18A,C,756.7,32.2,0.19,190.692,1004.612,1.034,0.614,Treatment
4,Koko,K19A,C,715.6,25.3,0.181,152.946,843.491,1.249,0.623,Treatment
4,Koko,K20A,C,522.3,25.5,0.185,210.812,1141.012,0.833,0.646,Treatment
4,Koko,K21A,C,810.9,20.1,0.171,127.837,748.229,1.286,0.574,Treatment
4,Koko,K22A,C,483.2,34.1,0.174,158.534,913.405,0.994,0.593,Treatment
4,Koko,K23A,C,532.1,25.8,0.166,123.023,742.949,1.544,0.639,Treatment
4,Koko,K24A,C,671.4,32.8,0.184,171.631,930.993,1.099,0.678,Treatment
4,Koko,K37A,PD,187.9,30.6,0.18,104.932,584.126,0.765,0.746,Treatment
4,Koko,K38A,PD,96.3,38.3,0.201,69.726,346.805,0.666,0.68,Treatment
4,Koko,K39A,PD,129.4,35,0.17,110.206,649.232,1.415,0.7,Treatment
4,Koko,K40A,PD,181.8,33.3,0.165,82.04,498.219,1.176,0.698,Treatment
4,Koko,K41A,PD,222.5,28.9,0.171,113.24,663.903,0.622,0.736,Treatment
4,Koko,K42A,PD,96.3,28.1,0.183,119.477,652.847,0.571,0.73,Treatment
4,Koko,K43A,PD,72.1,33.3,0.155,122.143,787.396,0.805,0.735,Treatment
4,Koko,K44A,PD,231.8,29,0.178,102.036,574.563,0.76,0.715,Treatment
4,Koko,K45A,PD,181,28,0.21,71.684,341.293,0.366,0.696,Treatment
4,Koko,K46A,PD,186.7,36.8,0.179,128.779,721.142,0.943,0.736,Treatment
4,Koko,K47A,PD,210.6,32,0.226,95.299,420.888,0.376,0.736,Treatment
4,Koko,K48A,PD,198.2,32,0.174,111.509,640.37,0.747,0.646,Treatment
5,Koko,K13A,C,657.2,34.6,0.194,156.132,805.146,0.656,0.714,Treatment
5,Koko,K14A,C,658.3,28.3,0.204,147.461,722.927,0.92,0.732,Treatment
5,Koko,K15A,C,648.6,36.3,0.211,108.689,514.214,1.134,0.687,Treatment
5,Koko,K16A,C,609.9,38.4,0.176,188.987,1076.432,0.857,0.677,Treatment
5,Koko,K17A,C,595.4,29.5,0.182,142.191,780.894,1.012,0.667,Treatment
5,Koko,K18A,C,580.2,28.7,0.191,216.389,1130.919,0.503,0.689,Treatment
5,Koko,K19A,C,646,24,0.208,166.052,799.23,0.615,0.685,Treatment
5,Koko,K20A,C,703.1,36.4,0.195,164.554,844.188,0.567,0.692,Treatment
5,Koko,K21A,C,790.6,22.9,0.196,124.998,636.818,0.575,0.633,Treatment
5,Koko,K22A,C,753.3,37.8,0.19,172.104,906.278,0.557,0.686,Treatment
5,Koko,K23A,C,616.7,34.9,0.21,194.63,927.04,0.316,0.732,Treatment
5,Koko,K24A,C,622.7,26.2,0.197,155.575,791.387,0.347,0.5,Treatment
5,Koko,K37A,PD,142.8,31.6,0.144,74.199,513.781,0.782,0.755,Treatment
5,Koko,K38A,PD,63,36.7,0.03,10.714,357.417,0.112,0.111,Treatment
5,Koko,K39A,PD,104.4,40.1,0.167,84.361,505.494,0.722,0.732,Treatment
5,Koko,K40A,PD,223.2,34.5,0.183,103.068,564.039,0.947,0.735,Treatment
5,Koko,K41A,PD,175.8,41.6,0.224,63.27,282.893,0.404,0.75,Treatment
5,Koko,K42A,PD,100,27.1,0.216,102.68,475.608,0.661,0.717,Treatment
5,Koko,K43A,PD,117.7,36.8,0.194,120.638,621.729,0.377,0.722,Treatment
5,Koko,K44A,PD,121.2,31,0.202,106.457,526.413,0.358,0.721,Treatment
5,Koko,K45A,PD,62.1,30.3,0.218,116.145,533.851,0.743,0.725,Treatment
5,Koko,K46A,PD,138.9,44.9,0.193,118.746,616.348,0.684,0.734,Treatment
5,Koko,K47A,PD,152.6,31,0.219,87.031,396.626,0.377,0.692,Treatment
5,Koko,K48A,PD,317.1,28.1,0.21,109.311,521.697,1.251,0.68,Treatment
6,Koko,K13A,C,1061.5,36.5,0.18,171.003,947.908,0.94,0.621,Treatment
6,Koko,K14A,C,1302.5,32.7,0.174,199.42,1146.851,0.32,0.579,Treatment
6,Koko,K15A,C,1138.4,30,0.154,140.591,911.985,0.681,0.569,Treatment
6,Koko,K16A,C,1103.2,40.4,0.188,191.071,1016.241,0.905,0.621,Treatment
6,Koko,K17A,C,632.8,40.2,0.161,149.047,923.446,0.586,0.556,Treatment
6,Koko,K18A,C,681.3,34.5,0.189,170.037,897.345,0.938,0.614,Treatment
6,Koko,K19A,C,750.1,37.1,0.187,199.955,1066.98,0.68,0.626,Treatment
6,Koko,K20A,C,522.2,36.4,0.181,204.524,1128.087,0.709,0.582,Treatment
6,Koko,K21A,C,643.2,27.1,0.152,137.174,903.424,0.515,0.496,Treatment
6,Koko,K22A,C,726.9,30.3,0.17,226.457,1332.543,0.521,0.581,Treatment
6,Koko,K23A,C,680,41.8,0.204,190.621,934.752,1.18,0.704,Treatment
6,Koko,K24A,C,825.5,37.7,0.188,187.869,997.778,0.545,0.592,Treatment
6,Koko,K37A,PD,73.1,35.8,NA,NA,NA,-0.107,0.09,Treatment
6,Koko,K38A,PD,91.7,15.4,NA,NA,NA,NA,0.012,Treatment
6,Koko,K39A,PD,43.9,45.3,0.105,65.042,620.335,0.007,0.361,Treatment
6,Koko,K40A,PD,100.5,29.7,0.111,86.845,780.275,-0.016,0.309,Treatment
6,Koko,K41A,PD,182.7,29.5,0.63,106.648,655.936,1.103,0.591,Treatment
6,Koko,K42A,PD,48.6,29.9,0.12,65.851,548.442,1.12,0.504,Treatment
6,Koko,K43A,PD,48.1,41,0.148,63.948,433.103,1.803,0.633,Treatment
6,Koko,K44A,PD,226.7,39.7,0.183,81.307,444.808,1.142,0.674,Treatment
6,Koko,K45A,PD,121.8,36.8,0.211,60.684,287.538,0.31,0.697,Treatment
6,Koko,K46A,PD,37.6,43.3,0.148,59.36,401.637,0.743,0.574,Treatment
6,Koko,K47A,PD,43.3,11.1,0.059,61.564,1040.827,-0.028,0.183,Treatment
6,Koko,K48A,PD,106.4,29.3,0.185,76.983,416.042,0.58,0.684,Treatment
7,Koko,K13A,C,487.3,37.7,0.194,224.061,1155.008,0.872,0.696,Pre-Recovery
7,Koko,K14A,C,766.6,36.4,0.185,171.72,928.288,0.929,0.665,Pre-Recovery
7,Koko,K15A,C,583.4,28.7,0.182,213.179,1168.899,1.096,0.624,Pre-Recovery
7,Koko,K16A,C,602.6,28.8,0.204,134.822,662.17,NA,0.66,Pre-Recovery
7,Koko,K17A,C,442.9,30.9,0.185,127.258,687.855,0.944,0.707,Pre-Recovery
7,Koko,K18A,C,633.2,34.5,0.203,195.186,963.158,0.82,0.615,Pre-Recovery
7,Koko,K19A,C,625.9,28.2,0.194,129.436,668.497,1.129,0.667,Pre-Recovery
7,Koko,K20A,C,331.8,26.2,0.185,139.014,749.757,1.569,0.667,Pre-Recovery
7,Koko,K21A,C,706.6,32.9,0.182,161.803,887.491,1.078,0.612,Pre-Recovery
7,Koko,K22A,C,653.3,40.4,0.181,182.149,1008.119,0.682,0.611,Pre-Recovery
7,Koko,K23A,C,463.2,33,0.185,161.333,872.162,0.597,0.587,Pre-Recovery
7,Koko,K24A,C,527.8,42.4,0.192,227.824,1186.91,0.681,0.687,Pre-Recovery
7,Koko,K40A,PD,56.9,2.4,NA,NA,NA,NA,0.007,Pre-Recovery
7,Koko,K41A,PD,25,32.4,0.159,88.766,558.488,0.672,0.528,Pre-Recovery
7,Koko,K42A,PD,21.6,24.6,0.033,20.977,639.892,0.012,0.061,Pre-Recovery
7,Koko,K43A,PD,23.8,7.3,0.008,554.027,72983.673,-0.009,0.027,Pre-Recovery
7,Koko,K44A,PD,36,35.5,0.136,94.36,693.796,0.853,0.588,Pre-Recovery
7,Koko,K45A,PD,15.5,37.8,0.021,6.139,293.591,0.017,0.059,Pre-Recovery
7,Koko,K46A,PD,NA,24.1,NA,NA,NA,NA,0.143,Pre-Recovery
7,Koko,K47A,PD,NA,1.7,NA,NA,NA,NA,NA,Pre-Recovery
7,Koko,K48A,PD,21.8,17.6,0.018,30.227,1711.479,-0.033,0.059,Pre-Recovery
8,Koko,K13A,C,330.3,25.1,0.2,129.897,650.827,1.777,0.642,Mid-Recovery
8,Koko,K14A,C,536.6,27.8,0.19,186.539,983.822,0.626,0.602,Mid-Recovery
8,Koko,K15A,C,339.3,34.6,0.19,159.615,841.55,0.561,0.588,Mid-Recovery
8,Koko,K16A,C,516.3,35.2,0.195,176.742,908.267,1.346,0.664,Mid-Recovery
8,Koko,K17A,C,520.4,33.1,0.171,144.56,843.257,0.697,0.599,Mid-Recovery
8,Koko,K18A,C,502.8,33.4,0.194,174.073,896.419,0.981,0.641,Mid-Recovery
8,Koko,K19A,C,462.3,26.1,0.18,153.211,850.379,1.172,0.646,Mid-Recovery
8,Koko,K20A,C,507.6,38.8,0.179,165.302,922.089,1.044,0.628,Mid-Recovery
8,Koko,K21A,C,515.1,29,0.166,147.527,888.299,1.24,0.595,Mid-Recovery
8,Koko,K22A,C,629.4,37.4,0.191,192.232,1004.555,0.527,0.619,Mid-Recovery
8,Koko,K23A,C,513,31.2,0.172,139.475,808.719,0.747,0.71,Mid-Recovery
8,Koko,K24A,C,490.1,39,0.19,156.904,824.411,0.958,0.706,Mid-Recovery
8,Koko,K41A,PD,155.1,25.4,0.14,142.056,1011.539,0.946,0.453,Mid-Recovery
9,Koko,K13A,C,415.5,27.8,0.198,92.937,469.405,1.264,0.667,Post-Recovery
9,Koko,K14A,C,631.2,43.3,0.19,144.383,758.234,0.844,0.651,Post-Recovery
9,Koko,K15A,C,350.2,30.3,0.181,125.896,697.103,0.701,0.563,Post-Recovery
9,Koko,K16A,C,471.6,36.8,0.189,123.923,655.898,1.72,0.623,Post-Recovery
9,Koko,K17A,C,461,32.3,0.162,96.33,595.825,1.029,0.569,Post-Recovery
9,Koko,K18A,C,507.6,30.5,0.188,147.497,784.537,1.137,0.667,Post-Recovery
9,Koko,K19A,C,733.9,28.1,0.186,148.793,797.879,1.122,0.672,Post-Recovery
9,Koko,K20A,C,551.4,31.5,0.173,167.743,972.015,0.836,0.608,Post-Recovery
9,Koko,K21A,C,652.2,22.5,0.179,165.151,923.092,1.036,0.637,Post-Recovery
9,Koko,K22A,C,672.2,36.5,0.201,146.187,726.252,1.437,0.704,Post-Recovery
9,Koko,K23A,C,669.1,31.8,0.177,124.965,705.418,0.913,0.622,Post-Recovery
9,Koko,K24A,C,568.9,25.4,0.195,207.094,1063.861,0.811,0.687,Post-Recovery
9,Koko,K41A,PD,295.6,33.3,0.162,80.701,496.829,0.191,0.459,Post-Recovery
1,Ohikilolo1,K12B,C,569,23.2,0.162,124.94,772.378,1.062,0.582,Treatment
1,Ohikilolo1,K13B,C,626.9,21.6,0.192,167.055,870.629,0.798,0.674,Treatment
1,Ohikilolo1,K14B,C,568.5,19.2,0.166,118.137,712.331,1.003,0.598,Treatment
1,Ohikilolo1,K15B,C,775.7,26.7,0.188,140.699,749.358,0.829,0.646,Treatment
1,Ohikilolo1,K16B,C,657.7,20.6,0.153,62.367,408.062,0.604,0.463,Treatment
1,Ohikilolo1,K17B,C,628.9,26,0.195,139.081,712.411,1.489,0.677,Treatment
1,Ohikilolo1,K18B,C,647.8,28.2,0.198,153.679,774.399,0.792,0.667,Treatment
1,Ohikilolo1,K19B,C,788.3,22.4,0.18,165.514,917.731,1.077,0.646,Treatment
1,Ohikilolo1,K20B,C,377.9,29,0.19,144.578,760.132,1.401,0.625,Treatment
1,Ohikilolo1,K21B,C,701.4,27.8,0.181,100.906,558.767,1.465,0.572,Treatment
1,Ohikilolo1,K22B,C,742.3,39.8,0.2,161.249,806.328,0.743,0.705,Treatment
1,Ohikilolo1,K34B,PD,578.4,33,0.201,192.148,957.603,0.737,0.676,Treatment
1,Ohikilolo1,K35B,PD,175.9,27.1,0.194,141.145,728.775,1.215,0.699,Treatment
1,Ohikilolo1,K36B,PD,538.3,40.2,0.162,129.405,798.753,0.552,0.638,Treatment
1,Ohikilolo1,K37B,PD,111.3,34.8,0.195,142.561,730.313,1.08,0.712,Treatment
1,Ohikilolo1,K38B,PD,522.4,23.4,0.18,67.245,373.02,1.655,0.658,Treatment
1,Ohikilolo1,K39B,PD,674,31.7,0.193,118.105,612.86,1.263,0.698,Treatment
1,Ohikilolo1,K40B,PD,371.1,23.2,0.21,106.779,508.581,1.021,0.679,Treatment
1,Ohikilolo1,K41B,PD,558.4,24.9,0.202,124.949,618.689,0.925,0.67,Treatment
1,Ohikilolo1,K42B,PD,528.7,28.9,0.177,150.448,849.67,0.817,0.62,Treatment
1,Ohikilolo1,K43B,PD,564.9,25.6,0.189,114.311,604.61,1.128,0.673,Treatment
1,Ohikilolo1,K44B,PD,704.8,31.1,0.17,146.948,865.54,0.786,0.678,Treatment
2,Ohikilolo1,K12B,C,895.2,16.1,0.124,153.874,1236.67,0.725,0.424,Treatment
2,Ohikilolo1,K13B,C,556.4,21.6,0.198,174.699,883.029,1.05,0.656,Treatment
2,Ohikilolo1,K14B,C,643.3,15.3,0.15,103.403,691.493,1.577,0.528,Treatment
2,Ohikilolo1,K15B,C,906.1,23.1,0.164,153.441,936.114,0.445,0.52,Treatment
2,Ohikilolo1,K16B,C,1217.3,15,0.048,45.424,944.104,0.236,0.223,Treatment
2,Ohikilolo1,K17B,C,954.8,25.2,0.19,159.591,841.081,1.244,0.663,Treatment
2,Ohikilolo1,K18B,C,533.8,29.6,0.194,158.617,85.595,1.167,0.648,Treatment
2,Ohikilolo1,K19B,C,1033.8,16.5,0.115,133.969,1164.154,1.397,0.434,Treatment
2,Ohikilolo1,K20B,C,1076.6,20.6,0.199,168.033,845.234,0.5,0.0676,Treatment
2,Ohikilolo1,K21B,C,868.5,22.8,0.173,158.769,916.726,0.63,0.556,Treatment
2,Ohikilolo1,K22B,C,957.8,30.1,0.162,115.473,714.243,1.608,0.577,Treatment
2,Ohikilolo1,K34B,PD,340.1,28.1,0.055,82.087,1484.45,0,0.109,Treatment
2,Ohikilolo1,K35B,PD,127.5,13.8,0.134,98.192,730.261,0.814,0.622,Treatment
2,Ohikilolo1,K36B,PD,125.1,23.5,0.12,124.633,1041.919,1.022,0.511,Treatment
2,Ohikilolo1,K37B,PD,859.8,30.3,0.187,185.553,976.384,1.056,0.67,Treatment
2,Ohikilolo1,K38B,PD,671.7,31.2,0.181,163.179,900.793,1.336,0.672,Treatment
2,Ohikilolo1,K39B,PD,467.8,33.5,0.175,162.957,930.361,1.164,0.59,Treatment
2,Ohikilolo1,K40B,PD,140.2,31.1,0.133,65.349,490.121,0.481,0.517,Treatment
2,Ohikilolo1,K41B,PD,389.7,20.8,0.202,278.698,1381.678,0.823,0.611,Treatment
2,Ohikilolo1,K42B,PD,661.8,21.9,0.15,126.873,846.058,1.281,0.545,Treatment
2,Ohikilolo1,K43B,PD,534.8,28.2,0.153,131.941,862.632,0.349,0.497,Treatment
2,Ohikilolo1,K44B,PD,763.1,24,0.198,156.471,791.948,1.556,0.687,Treatment
3,Ohikilolo1,K12B,C,718.9,19.4,0.162,155.788,960.646,0.981,0.577,Treatment
3,Ohikilolo1,K13B,C,656.1,23.1,0.19,178.403,937.055,0.5,0.573,Treatment
3,Ohikilolo1,K14B,C,319.6,14,0.171,179.022,1049.264,1.218,0.604,Treatment
3,Ohikilolo1,K15B,C,748.3,22.3,0.155,156.369,1007.855,0.522,0.522,Treatment
3,Ohikilolo1,K16B,C,812.3,16.8,0.078,41.011,523.066,0.409,0.25,Treatment
3,Ohikilolo1,K17B,C,692,26.3,0.172,161.5,938.831,0.909,0.575,Treatment
3,Ohikilolo1,K18B,C,515.3,23.5,0.168,157.03,932.044,0.657,0.544,Treatment
3,Ohikilolo1,K19B,C,854.8,20.2,0.156,133.755,856l067,0.955,0.549,Treatment
3,Ohikilolo1,K20B,C,856.8,22.4,0.176,189.917,1080.586,0.906,0.55,Treatment
3,Ohikilolo1,K21B,C,505.9,31.2,0.187,128.334,685.276,1.255,0.612,Treatment
3,Ohikilolo1,K22B,C,460.3,16,0.162,187.333,1156.508,0.626,0.563,Treatment
3,Ohikilolo1,K34B,PD,92.8,1.4,NA,NA,NA,NA,0.206,Treatment
3,Ohikilolo1,K35B,PD,47.3,17.5,0.155,102.459,659.735,0.94,0.577,Treatment
3,Ohikilolo1,K36B,PD,82.2,30.6,0.096,79.12,825.647,0.478,0.376,Treatment
3,Ohikilolo1,K37B,PD,225,21,0.185,97.052,524.951,1.542,0.0678,Treatment
3,Ohikilolo1,K38B,PD,71.1,24.7,0.083,81.616,978.709,0.252,0.289,Treatment
3,Ohikilolo1,K39B,PD,133.6,26.2,0.17,123.307,726.216,1.239,0.656,Treatment
3,Ohikilolo1,K40B,PD,97.2,27.8,0.147,97.701,665.214,1.063,0.546,Treatment
3,Ohikilolo1,K41B,PD,40.2,19.6,0.111,103.272,930.606,0.667,0.336,Treatment
3,Ohikilolo1,K42B,PD,43.2,10.4,0.113,83.283,733.9,0.659,0.417,Treatment
3,Ohikilolo1,K43B,PD,106.1,29,0.15,106.443,708.804,1.194,0.643,Treatment
3,Ohikilolo1,K44B,PD,55.4,16.8,0.17,91.074,534.482,1.152,0.571,Treatment
4,Ohikilolo1,K12B,C,599.2,28.3,0.187,133.619,716.108,1.333,0.648,Pre-Recovery
4,Ohikilolo1,K13B,C,626.3,21.6,0.202,233.104,1155.37,0.819,0.643,Pre-Recovery
4,Ohikilolo1,K14B,C,541.2,30,0.177,154.564,871.656,0.854,0.641,Pre-Recovery
4,Ohikilolo1,K15B,C,506.9,25.3,0.17,143.564,843.056,0.9,0.572,Pre-Recovery
4,Ohikilolo1,K16B,C,596.3,24.2,0.142,80.231,563.117,1.229,0.493,Pre-Recovery
4,Ohikilolo1,K17B,C,566.7,26.5,0.172,162.294,941.025,0.916,0.623,Pre-Recovery
4,Ohikilolo1,K18B,C,454.8,27.5,0.189,193.8323,1024.513,0.952,0.654,Pre-Recovery
4,Ohikilolo1,K19B,C,645.5,35.5,0.187,210.998,1126.677,0.836,0.634,Pre-Recovery
4,Ohikilolo1,K20B,C,582.1,31,0.185,153.358,828.785,0.927,0.612,Pre-Recovery
4,Ohikilolo1,K21B,C,650.2,27.4,0.169,137.555,812.398,1.04,0.581,Pre-Recovery
4,Ohikilolo1,K22B,C,400,18.4,0.162,131.27,810.351,1.237,0.585,Pre-Recovery
4,Ohikilolo1,K34B,PD,35.1,NA,NA,NA,NA,NA,NA,Pre-Recovery
4,Ohikilolo1,K35B,PD,42.1,19.4,0.2,100,500,NA,0.006,Pre-Recovery
4,Ohikilolo1,K36B,PD,15.7,49.1,0.018,1445.834,78190.441,-0.031,0.042,Pre-Recovery
4,Ohikilolo1,K37B,PD,82.6,30.2,0.184,118.432,642.244,1.168,0.69,Pre-Recovery
4,Ohikilolo1,K38B,PD,21.5,4.8,0.089,77.828,877.203,0.204,0.346,Pre-Recovery
4,Ohikilolo1,K39B,PD,107,35.7,0.124,95.411,768.143,1.567,0.0639,Pre-Recovery
4,Ohikilolo1,K40B,PD,18,35.5,NA,NA,NA,NA,0.043,Pre-Recovery
4,Ohikilolo1,K41B,PD,18.3,3.1,NA,NA,NA,NA,0.292,Pre-Recovery
4,Ohikilolo1,K42B,PD,NA,2.3,0.052,38.937,748.504,-0.065,0.086,Pre-Recovery
4,Ohikilolo1,K43B,PD,18.2,45.7,0.052,38.937,748.504,-0.065,0.086,Pre-Recovery
4,Ohikilolo1,K44B,PD,15.3,42.4,0.02,16.394,819.983,-0.035,0.045,Pre-Recovery
5,Ohikilolo1,K12B,C,649.3,21.6,0.183,153.332,839.012,1.394,0.646,Mid-Recovery
5,Ohikilolo1,K13B,C,760.7,23.5,0.187,150.203,802.271,0.801,0.563,Mid-Recovery
5,Ohikilolo1,K14B,C,556.9,17.1,0.195,117.83,604.822,1.676,0.674,Mid-Recovery
5,Ohikilolo1,K15B,C,776.1,26,0.192,143.163,745.278,1.339,0.657,Mid-Recovery
5,Ohikilolo1,K16B,C,975.2,16.3,0.146,107.011,734.123,0.871,0.513,Mid-Recovery
5,Ohikilolo1,K17B,C,846.6,27.7,0.176,166.157,943.524,1.322,0.607,Mid-Recovery
5,Ohikilolo1,K18B,C,653.9,23.9,0.197,155.246,789.183,1.119,0.638,Mid-Recovery
5,Ohikilolo1,K19B,C,745.9,24.6,0.178,136.43,766.847,1.665,0.67,Mid-Recovery
5,Ohikilolo1,K20B,C,858.5,30.8,0.146,124.661,855.8,1.459,0.586,Mid-Recovery
5,Ohikilolo1,K21B,C,644.3,26.9,0.157,140.906,896.365,0.612,0.527,Mid-Recovery
5,Ohikilolo1,K22B,C,1014.2,22.1,0.143,98.081,683.643,1.303,0.558,Mid-Recovery
5,Ohikilolo1,K35B,PD,110.1,10.9,NA,NA,NA,NA,0.286,Mid-Recovery
5,Ohikilolo1,K36B,PD,67.8,3.5,0.055,40.59,741.52,0.034,0.117,Mid-Recovery
5,Ohikilolo1,K37B,PD,548.8,32.4,0.18,167.34,931.272,1.123,0.664,Mid-Recovery
5,Ohikilolo1,K38B,PD,70,21.8,0.105,71.474,679.454,0.298,0.345,Mid-Recovery
5,Ohikilolo1,K39B,PD,437,41.3,0.171,133.923,784.87,0.89,0.619,Mid-Recovery
5,Ohikilolo1,K40B,PD,86.3,6.9,NA,NA,NA,NA,0.175,Mid-Recovery
6,Ohikilolo1,K12B,C,576.2,23.7,0.199,148.706,749.046,1.065,0.723,Post-Recovery
6,Ohikilolo1,K13B,C,453.5,19.1,0.214,128.752,601.444,0.952,0.692,Post-Recovery
6,Ohikilolo1,K14B,C,584.2,19.3,0.19,129.799,682.556,1.035,0.726,Post-Recovery
6,Ohikilolo1,K15B,C,522.3,34.4,0.186,125.681,675.443,1.206,0.665,Post-Recovery
6,Ohikilolo1,K16B,C,554.4,20.2,0.183,130.887,715.956,2.196,0.616,Post-Recovery
6,Ohikilolo1,K17B,C,587.8,31.8,0.204,173.05,850.273,1,0.687,Post-Recovery
6,Ohikilolo1,K18B,C,645.4,24.6,0.194,150.434,774.31,1.109,0.67,Post-Recovery
6,Ohikilolo1,K19B,C,518.5,29.1,0.215,222.044,1031.298,0.914,0.729,Post-Recovery
6,Ohikilolo1,K20B,C,492.7,27.2,0.192,194.781,1016.848,0.756,0.675,Post-Recovery
6,Ohikilolo1,K21B,C,614.7,30.3,0.196,119.436,610.829,1.404,0.652,Post-Recovery
6,Ohikilolo1,K22B,C,432.6,24,0.196,155.795,796.105,1.393,0.703,Post-Recovery
6,Ohikilolo1,K34B,PD,NA,NA,0.194,199,NA,NA,NA,Post-Recovery
6,Ohikilolo1,K37B,PD,570.1,31.1,0.194,199.62,1028.814,1.169,0.69,Post-Recovery
6,Ohikilolo1,K39B,PD,541.3,26.6,0.183,153.027,834.119,1.491,0.0627,Post-Recovery
1,Saddle,K5C,C,613.2,33.5,0.197,202.973,1027.794,0.596,0.681,Treatment
1,Saddle,K6C,C,599.2,22.1,0.187,240.918,1290.871,0.645,0.672,Treatment
1,Saddle,K7C,C,683.7,30.9,0.2,205.803,1030.098,0.631,0.688,Treatment
1,Saddle,K8C,C,310.1,28.2,0.199,220.859,1110.771,0.573,0.68,Treatment
1,Saddle,K13C,PD,448.4,20.3,0.178,192.173,1081.335,0.857,0.652,Treatment
1,Saddle,K14C,PD,570.2,21.6,0.182,140.681,773.11,0.664,0.632,Treatment
1,Saddle,K15C,PD,565.6,25.9,0.176,184.07,1047.608,0.577,0.637,Treatment
1,Saddle,K16C,PD,405.4,30.7,0.169,162.24,960.601,1.053,0.67,Treatment
2,Saddle,K5C,C,826.2,21.4,0.187,132.111,707.238,1.659,0.719,Treatment
2,Saddle,K6C,C,1016,27.1,0.189,156.262,828.436,1.347,0.742,Treatment
2,Saddle,K7C,C,942.4,28.6,0.181,134.565,742.145,1.709,0.728,Treatment
2,Saddle,K8C,C,781.5,32.9,0.175,129.932,741.559,2.306,0.765,Treatment
2,Saddle,K13C,PD,218.6,34.2,0.14,65.345,465.438,1.76,0.741,Treatment
2,Saddle,K14C,PD,681.5,31.1,0.179,82.758,463.257,1.212,0.752,Treatment
2,Saddle,K15C,PD,465.5,25,0.138,90.6,655.905,1.732,0.718,Treatment
2,Saddle,K16C,PD,232.8,34.4,0.127,90.336,712.981,1.495,0.663,Treatment
3,Saddle,K5C,C,787.3,26.4,0.175,172.669,987.318,0.707,0.574,Treatment
3,Saddle,K6C,C,753.1,26.9,0.186,250.554,1345.191,0.364,0.63,Treatment
3,Saddle,K7C,C,788.8,30.3,0.182,217.882,1195.532,0.765,0.623,Treatment
3,Saddle,K8C,C,736.1,33.7,0.179,281.121,1571.965,0.375,0.573,Treatment
3,Saddle,K13C,PD,174.4,28.5,0.109,120.465,1102.424,0.14,0.352,Treatment
3,Saddle,K14C,PD,205.1,27,0.154,126.317,818.643,0.314,0.457,Treatment
3,Saddle,K15C,PD,144.1,33.5,0.084,124.529,1480.122,0.147,0.303,Treatment
3,Saddle,K16C,PD,59.8,39.5,0.08,141.702,1776.31,0.053,0.24,Treatment
4,Saddle,K5C,C,534.2,21.3,0.196,158.291,809.286,"1,591",0.69,Pre-Recovery
4,Saddle,K6C,C,656.8,33.4,0.2,228.118,1137.925,0.614,0.655,Pre-Recovery
4,Saddle,K7C,C,462.2,31.7,0.183,200.422,1093.255,1.239,0.669,Pre-Recovery
4,Saddle,K8C,C,521.1,36.4,0.193,203.227,1050.821,0.701,0.649,Pre-Recovery
4,Saddle,K13C,PD,111.1,21.9,0.126,120.011,950.381,0.247,0.396,Pre-Recovery
4,Saddle,K14C,PD,150.9,24.1,0.175,98.538,561.991,1.247,0.65,Pre-Recovery
4,Saddle,K15C,PD,95.7,27,0.111,99.763,902.524,0.598,0.439,Pre-Recovery
4,Saddle,K16C,PD,37.8,30.1,0.037,128.104,3478.91,-0.013,0.122,Pre-Recovery
5,Saddle,K5C,C,536.9,19.4,0.184,163.306,889.774,0.619,0.593,Mid-Recovery
5,Saddle,K6C,C,407,43,0.178,187.537,1051.653,0.743,0.638,Mid-Recovery
5,Saddle,K7C,C,664.9,21,0.184,156.318,850.895,0.641,0.556,Mid-Recovery
5,Saddle,K8C,C,564,21.4,0.183,107.995,590.828,1.673,0.676,Mid-Recovery
5,Saddle,K13C,PD,189.7,15.5,0.14,164.39,1170.795,0.371,0.511,Mid-Recovery
5,Saddle,K14C,PD,368,27.7,0.195,209.479,1073.203,0.464,0.668,Mid-Recovery
5,Saddle,K15C,PD,288.1,19.5,0.141,241.727,1717.96,0.423,0.446,Mid-Recovery
6,Saddle,K5C,C,272.5,17.7,0.184,134.212,727.979,1.829,0.65,Post-Recovery
6,Saddle,K6C,C,457.8,21.5,0.152,95.591,630.3,0.913,0.553,Post-Recovery
6,Saddle,K7C,C,379.5,23.4,0.198,192.08,972.088,1.02,0.688,Post-Recovery
6,Saddle,K8C,C,401.1,20.1,0.176,138.265,785.085,1.676,0.635,Post-Recovery
6,Saddle,K13C,PD,314,19.4,0.188,228.269,1214.303,0.264,0.569,Post-Recovery
6,Saddle,K14C,PD,259.7,25.1,0.201,199.604,993.556,0.608,0.634,Post-Recovery
6,Saddle,K15C,PD,461.2,34.2,0.177,210.603,1191.642,0.719,0.62,Post-Recovery
1,Keaau,K11D,C,730.7,33.1,0.142,128.308,905.964,1.027,0.533,Treatment
1,Keaau,K12D,C,581.9,23.6,0.2245,5579.957,24945.016,NA,0.577,Treatment
1,Keaau,K13D,C,592.4,23.6,0.19,172.857,911.421,1.182,0.64,Treatment
1,Keaau,K14D,C,508.3,32.9,0.195,151.434,778.124,1.464,0.65,Treatment
1,Keaau,K15D,C,236.7,25.9,0.204,145.425,712.05,1.616,0.658,Treatment
1,Keaau,K16D,C,313.2,28.4,0.191,134.923,705.156,1.676,0.672,Treatment
1,Keaau,K17D,C,340.8,27.8,0.21,124.02,591.873,1.701,0.695,Treatment
1,Keaau,K18D,C,348.9,19.7,0.173,124.048,716.381,1.648,0.609,Treatment
1,Keaau,K19D,C,407.8,28,0.172,164.996,961.702,1.248,0.578,Treatment
1,Keaau,K20D,C,326.6,16,0.209,181.748,869.95,1.278,0.661,Treatment
1,Keaau,K31D,PD,329.1,16.8,0.085,127.071,1500.613,0.993,0.322,Treatment
1,Keaau,K32D,PD,255,20,0.166,116.391,702.155,1.742,0.616,Treatment
1,Keaau,K33D,PD,319.4,13.5,0.171,96.692,564.721,1.25,0.565,Treatment
1,Keaau,K34D,PD,441.3,28.8,0.193,194.5,1007.125,0.988,0.633,Treatment
1,Keaau,K35D,PD,424.8,26.6,0.176,173.173,981.584,1.167,0.601,Treatment
1,Keaau,K36D,PD,306.4,28.8,0.099,74.877,758.726,1.342,0.522,Treatment
1,Keaau,K37D,PD,345.4,31.5,0.147,92.843,630.379,1.343,0.564,Treatment
1,Keaau,K38D,PD,422,35.5,0.169,166.152,985.102,0.872,0.589,Treatment
1,Keaau,K39D,PD,268.1,34.1,0.159,137.021,860.891,0.902,0.57,Treatment
1,Keaau,K40D,PD,385.9,19.1,0.1,133.728,1339.724,1.098,0.379,Treatment
2,Keaau,K11D,C,862.3,35.7,0.201,161.895,805.531,0.431,0.712,Treatment
2,Keaau,K12D,C,747.8,31.3,0.208,145.476,697.8,0.744,0.697,Treatment
2,Keaau,K13D,C,689.6,21.5,0.192,129.619,673.77,0.535,0.677,Treatment
2,Keaau,K14D,C,645.3,37.8,0.192,179.026,932.572,1.104,0.664,Treatment
2,Keaau,K15D,C,618.4,20.9,0.177,144.782,819.41,1.235,0.594,Treatment
2,Keaau,K16D,C,598,30.9,0.198,161.183,812.917,0.954,0.69,Treatment
2,Keaau,K17D,C,546.2,25.9,0.207,167.166,807.606,0.968,0.677,Treatment
2,Keaau,K18D,C,587.1,23.1,0.179,143.17,797.773,0.995,0.638,Treatment
2,Keaau,K19D,C,573.9,30.4,0.145,129.991,899.571,1.016,0.504,Treatment
2,Keaau,K20D,C,576.7,25.6,0.167,199.131,1190.183,0.715,0.53,Treatment
2,Keaau,K31D,PD,478,21.1,0.132,145.265,1102.088,1.276,0.504,Treatment
2,Keaau,K32D,PD,224.7,37.4,0.185,140.773,759.284,1.278,0.667,Treatment
2,Keaau,K33D,PD,366.1,25.6,0.169,164.385,973.622,0.913,0.58,Treatment
2,Keaau,K34D,PD,277.1,24.7,0.188,202.453,1074.737,1.14,0.67,Treatment
2,Keaau,K35D,PD,499.6,31.1,0.18,194.719,1082.039,1.228,0.616,Treatment
2,Keaau,K36D,PD,413.4,22.7,0.101,142.663,1407.312,1.431,0.416,Treatment
2,Keaau,K37D,PD,243.2,25.2,0.172,158.119,918.933,1.108,0.594,Treatment
2,Keaau,K38D,PD,446.4,33.3,0.189,188.487,998.304,1.075,0.676,Treatment
2,Keaau,K39D,PD,407.9,36.1,0.191,204.154,1071.576,1.215,0.661,Treatment
2,Keaau,K40D,PD,500.2,28.8,0.209,213.025,1019.319,1.141,0.662,Treatment
3,Keaau,K11D,C,644.6,36.1,0.194,253.118,1305.457,0.727,0.665,Treatment
3,Keaau,K12D,C,551.7,27.9,0.216,209.801,972.388,0.748,0.656,Treatment
3,Keaau,K13D,C,430.7,22.4,0.199,167.831,843.078,0.808,0.606,Treatment
3,Keaau,K14D,C,439.4,12.8,0.144,1184.263,8230.109,1.516,0.643,Treatment
3,Keaau,K15D,C,442.9,30.4,0.148,3805.356,25705.965,0.893,0.651,Treatment
3,Keaau,K16D,C,473.1,24.4,0.226,220.674,974.4,1.049,0.659,Treatment
3,Keaau,K17D,C,429.6,33.1,0.182,459.937,2533.74,0.652,0.578,Treatment
3,Keaau,K18D,C,460.8,21,0.183,130.875,716.309,0.94,0.635,Treatment
3,Keaau,K19D,C,444.8,35.7,0.188,392.946,2092.718,0.807,0.533,Treatment
3,Keaau,K20D,C,481.7,32.1,0.192,556.428,2904.962,0.347,0.523,Treatment
3,Keaau,K31D,PD,201.9,19.5,0.188,167.189,889.304,1.12,0.608,Treatment
3,Keaau,K32D,PD,225.2,32.3,0.161,302.591,1874.807,0.676,0.581,Treatment
3,Keaau,K33D,PD,292.6,31.8,0.188,284.251,1509.956,0.892,0.614,Treatment
3,Keaau,K34D,PD,329.4,35.4,0.204,155.363,762.48,1.065,0.63,Treatment
3,Keaau,K35D,PD,353,37.4,0.166,423.953,2553.752,0.752,0.726,Treatment
3,Keaau,K36D,PD,196.5,27.9,0.192,192.882,1005.329,1.184,0.614,Treatment
3,Keaau,K37D,PD,217.9,27.5,0.168,177.605,1054.758,0.651,0.562,Treatment
3,Keaau,K38D,PD,181.7,34,0.233,192.079,824.404,1.271,0.562,Treatment
3,Keaau,K39D,PD,346.4,33.2,0.195,371.638,1906.208,1.057,0.665,Treatment
3,Keaau,K40D,PD,82.7,25.2,0.197,250.222,1272.703,1.051,0.727,Treatment
4,Keaau,K11D,C,284.9,11.3,0.165,127.643,773.692,1.535,0.689,Treatment
4,Keaau,K12D,C,377.7,28.3,0.202,192.899,953.001,1.239,0.697,Treatment
4,Keaau,K13D,C,376.5,25.8,0.187,198.114,1061.034,0.736,0.644,Treatment
4,Keaau,K14D,C,266.3,23.2,0.171,83.57,489.965,2.346,0.724,Treatment
4,Keaau,K15D,C,137.8,15.3,0.201,123.051,611.688,1.889,0.703,Treatment
4,Keaau,K16D,C,268.9,28.8,0.199,99.843,501.187,2.642,0.728,Treatment
4,Keaau,K17D,C,60.8,19.6,0.211,163.983,776.63,1.857,0.7,Treatment
4,Keaau,K18D,C,41.7,18.7,0.209,94.843,453.677,1.87,0.695,Treatment
4,Keaau,K19D,C,351,14.3,0.189,110.738,586.006,2.279,0.695,Treatment
4,Keaau,K20D,C,133.7,13.7,0.192,114.116,592.903,1.939,0.694,Treatment
4,Keaau,K31D,PD,32,27.8,0.217,137.229,631.923,0.413,0.756,Treatment
4,Keaau,K32D,PD,51.4,35.8,0.115,33.333,288.775,0.31,0.449,Treatment
4,Keaau,K33D,PD,37.3,37.9,0.146,103.046,708.093,0.509,0.589,Treatment
4,Keaau,K34D,PD,30.8,43.2,0.156,124.626,798.522,1.051,0.67,Treatment
4,Keaau,K35D,PD,353.6,41.7,0.173,91.288,527.338,0.443,0.718,Treatment
4,Keaau,K36D,PD,92.1,28.9,0.187,118.243,633.869,0.638,0.745,Treatment
4,Keaau,K37D,PD,39.8,31.3,0.138,89.34,649.719,0.651,0.558,Treatment
4,Keaau,K38D,PD,245.4,27.4,0.157,110.947,705.635,1.407,0.709,Treatment
4,Keaau,K39D,PD,31.5,45.9,0.146,101.668,694.785,0.718,0.641,Treatment
4,Keaau,K40D,PD,51,31.5,0.207,138.415,669.387,0.866,0.743,Treatment
5,Keaau,K11D,C,1001.6,33.4,0.193,213.032,1104.054,0.671,0.649,Treatment
5,Keaau,K12D,C,960,31.4,0.187,173.87,931.333,0.743,0.62,Treatment
5,Keaau,K13D,C,602.9,30.7,0.2,205.77,1026.448,0.52,0.6,Treatment
5,Keaau,K14D,C,821.9,27.6,0.188,170.674,906.813,0.591,0.562,Treatment
5,Keaau,K15D,C,841.7,25.9,0.216,238.272,1101.531,1.038,0.702,Treatment
5,Keaau,K16D,C,920.1,29.5,0.209,128.563,614.899,1.796,0.698,Treatment
5,Keaau,K17D,C,903,37.6,0.204,276.733,1357.94,0.582,0.605,Treatment
5,Keaau,K18D,C,834.5,28.1,0.208,215.514,1038.255,1.086,0.672,Treatment
5,Keaau,K19D,C,782.3,37,0.179,194.189,1087.879,0.883,0.593,Treatment
5,Keaau,K20D,C,958.5,36.4,0.16,141.051,881.764,0.371,0.484,Treatment
5,Keaau,K31D,PD,55,21,0.129,108.832,846.82,1.901,0.625,Treatment
5,Keaau,K33D,PD,290.2,35.3,0.115,117.534,1020.687,1.322,0.601,Treatment
5,Keaau,K34D,PD,184.5,43.9,0.183,135.947,741.289,1.368,0.696,Treatment
5,Keaau,K35D,PD,332,40.4,0.172,129.451,750.681,1.247,0.703,Treatment
5,Keaau,K36D,PD,349.3,28,0.173,119.035,688.162,1.043,0.66,Treatment
5,Keaau,K37D,PD,160.2,21.5,0.091,91.624,1012.38,0.843,0.354,Treatment
5,Keaau,K38D,PD,313.5,42.2,0.187,171.838,921.228,1.22,0.663,Treatment
5,Keaau,K39D,PD,358,49.3,0.203,166.443,818.424,0.832,0.709,Treatment
5,Keaau,K40D,PD,444.7,32.7,0.184,147.043,798.361,1.271,0.638,Treatment
6,Keaau,K11D,C,879.1,34.9,NA,NA,NA,NA,NA,Pre-Recovery
6,Keaau,K12D,C,832.2,34.5,NA,NA,NA,NA,NA,Pre-Recovery
6,Keaau,K13D,C,49.9,32.9,NA,NA,NA,NA,NA,Pre-Recovery
6,Keaau,K14D,C,816.6,25.8,NA,NA,NA,NA,NA,Pre-Recovery
6,Keaau,K15D,C,742.7,28.7,NA,NA,NA,NA,NA,Pre-Recovery
6,Keaau,K16D,C,577.1,30.5,NA,NA,NA,NA,NA,Pre-Recovery
6,Keaau,K17D,C,835,32.6,NA,NA,NA,NA,NA,Pre-Recovery
6,Keaau,K18D,C,726.6,27.9,NA,NA,NA,NA,NA,Pre-Recovery
6,Keaau,K19D,C,801.9,35.3,NA,NA,NA,NA,NA,Pre-Recovery
6,Keaau,K20D,C,624.8,34.1,NA,NA,NA,NA,NA,Pre-Recovery
6,Keaau,K33D,PD,63.8,35.1,NA,NA,NA,NA,NA,Pre-Recovery
6,Keaau,K34D,PD,80.8,45.6,NA,NA,NA,NA,NA,Pre-Recovery
6,Keaau,K35D,PD,44.9,49.6,NA,NA,NA,NA,NA,Pre-Recovery
6,Keaau,K36D,PD,235.9,27.9,NA,NA,NA,NA,NA,Pre-Recovery
6,Keaau,K37D,PD,26.8,20.2,NA,NA,NA,NA,NA,Pre-Recovery
6,Keaau,K38D,PD,259.5,58.9,NA,NA,NA,NA,NA,Pre-Recovery
6,Keaau,K39D,PD,60,48.9,NA,NA,NA,NA,NA,Pre-Recovery
6,Keaau,K40D,PD,194.4,30,NA,NA,NA,NA,NA,Pre-Recovery
7,Keaau,K11D,C,189.2,30.2,0.207,153.281,739.405,1.097,0.808,Mid-Recovery
7,Keaau,K12D,C,444.4,40.1,0.232,181.798,784.288,0.747,0.769,Mid-Recovery
7,Keaau,K14D,C,468.4,27.3,0.247,239.865,969.957,1,0.8,Mid-Recovery
7,Keaau,K15D,C,448.6,27.7,0.255,313.924,1230.552,0.726,0.804,Mid-Recovery
7,Keaau,K16D,C,397.6,25.3,0.193,210.037,1089.368,0.828,0.753,Mid-Recovery
7,Keaau,K17D,C,429.1,27,0.227,254.591,1121.478,0.355,0.697,Mid-Recovery
7,Keaau,K18D,C,468.3,23.3,0.232,271.221,1170.418,0.613,0.736,Mid-Recovery
7,Keaau,K19D,C,515.5,35.6,0.221,268.908,1217.36,0.271,0.746,Mid-Recovery
7,Keaau,K20D,C,49.3,48.3,0.21,82.132,390.71,0.183,0.676,Mid-Recovery
7,Keaau,K33D,PD,408.9,35.6,0.237,280.445,1182.856,0.423,0.73,Mid-Recovery
7,Keaau,K34D,PD,393.2,34.1,0.232,280.217,1207.314,0.956,0.699,Mid-Recovery
7,Keaau,K35D,PD,391.1,43.6,0.23,258.636,1126.849,0.505,0.714,Mid-Recovery
7,Keaau,K36D,PD,436.7,19.6,0.231,283.546,1225.234,0.27,0.673,Mid-Recovery
7,Keaau,K38D,PD,491.8,31.9,0.201,320.318,1597.184,0.278,0.696,Mid-Recovery
7,Keaau,K39D,PD,407.5,46.7,0.207,287.586,1387.706,0.575,0.672,Mid-Recovery
7,Keaau,K40D,PD,470.3,35.3,0.256,386.659,1512.528,0.542,0.75,Mid-Recovery
8,Keaau,K11D,C,331.2,27.8,0.23,360.438,1564.481,0.507,0.745,Post-Recovery
8,Keaau,K12D,C,482.3,39.7,0.244,302.061,1236.345,NA,0.738,Post-Recovery
8,Keaau,K14D,C,697.4,36.2,0.2,100,500,NA,0.694,Post-Recovery
8,Keaau,K15D,C,527.5,31.4,0.221,596.206,2702.829,0.338,0.724,Post-Recovery
8,Keaau,K16D,C,519.5,30.6,0.248,455.949,1838.387,0.302,0.78,Post-Recovery
8,Keaau,K17D,C,539.8,32.8,0.228,410.711,1798.436,0.792,0.747,Post-Recovery
8,Keaau,K18D,C,366.6,26.5,0.244,378.384,1549.098,NA,0.768,Post-Recovery
8,Keaau,K19D,C,472.4,42,0.222,240.977,1086.796,0.567,0.67,Post-Recovery
8,Keaau,K33D,PD,308.7,32.8,0.226,509.816,2252.834,0.368,0.705,Post-Recovery
8,Keaau,K34D,PD,573.3,44.4,0.242,235.812,974.903,NA,0.637,Post-Recovery
8,Keaau,K35D,PD,800.3,36.7,0.222,378.325,1703.104,NA,0.643,Post-Recovery
8,Keaau,K36D,PD,406.7,25,0.227,437.1,1921.436,0.827,0.726,Post-Recovery
8,Keaau,K38D,PD,583.3,31.1,0.207,309.03,1492.581,0.322,0.654,Post-Recovery
8,Keaau,K39D,PD,435.2,34.7,0.233,455.831,1959.6,0.44,0.667,Post-Recovery
8,Keaau,K40D,PD,633.4,21.1,0.24,535.637,2230.234,NA,0.0623,Post-Recovery
1,Kealia,K11E,C,196,20.1,NA,NA,NA,NA,0.667,Treatment
1,Kealia,K12E,C,162.1,26.8,0.16,60.262,375.901,1.455,0.763,Treatment
1,Kealia,K13E,C,350.1,32.6,0.168,85.096,506.147,1.066,0.741,Treatment
1,Kealia,K14E,C,692.2,30.2,0.15,100.055,666.317,0.861,0.694,Treatment
1,Kealia,K15E,C,601,35,0.161,88.21,546.564,0.929,0.738,Treatment
1,Kealia,K16E,C,289.9,24,0.173,109.994,633.979,1.901,0.75,Treatment
1,Kealia,K17E,C,142,29,0.188,80.925,430.31,1.649,0.722,Treatment
1,Kealia,K18E,C,447.2,22.3,0.161,104.719,651.964,1.514,0.643,Treatment
1,Kealia,K19E,C,386.4,24,0.162,111.416,686.138,1.075,0.649,Treatment
1,Kealia,K20E,C,261.5,33.8,0.142,84.411,579.106,1.013,0.732,Treatment
1,Kealia,K31E,PD,437.5,28.7,0.16,89.03,556.716,1.15,0.642,Treatment
1,Kealia,K32E,PD,74.3,3.9,0.134,67.969,506.137,2.009,0.513,Treatment
1,Kealia,K33E,PD,56.5,33.8,0.163,92.572,569.12,0.981,0.641,Treatment
1,Kealia,K34E,PD,32.8,19.5,0.155,72.059,463.616,1.536,0.57,Treatment
1,Kealia,K35E,PD,73.5,38.4,0.183,83.538,457.272,1.106,0.737,Treatment
1,Kealia,K36E,PD,16.1,17.9,0.167,122.621,732.866,1.219,0.677,Treatment
1,Kealia,K37E,PD,49.2,33.2,0.169,111.163,658.603,1.549,0.68,Treatment
1,Kealia,K38E,PD,39.2,18.7,0.201,233.953,1166.611,0.911,0.632,Treatment
1,Kealia,K39E,PD,109.8,35.8,0.199,189.169,952.927,0.951,0.623,Treatment
1,Kealia,K40E,PD,127,21.1,0.148,104.745,708.698,1.672,0.563,Treatment
2,Kealia,K11E,C,365.3,31.6,0.165,63.077,382.342,1.382,0.661,Treatment
2,Kealia,K12E,C,58.2,33.1,0.173,114.742,661.735,0.609,0.566,Treatment
2,Kealia,K13E,C,79.6,21.6,0.167,138.348,828.386,1.485,0.685,Treatment
2,Kealia,K14E,C,31.2,28.5,0.193,213.365,1104.583,0.5,0.681,Treatment
2,Kealia,K15E,C,67.5,26.9,0.188,271.92,1445.863,0.582,0.621,Treatment
2,Kealia,K16E,C,368.5,28,0.178,97.382,547.957,1.373,0.724,Treatment
2,Kealia,K17E,C,38.9,20.6,0.2,126.92,633.62,1.848,0.659,Treatment
2,Kealia,K18E,C,77.5,31.7,0.222,262.331,1183.778,0.894,0.713,Treatment
2,Kealia,K19E,C,265.4,31.8,0.202,221.688,1098.875,0.717,0.673,Treatment
2,Kealia,K20E,C,258.4,27.1,0.202,223.717,1106.452,0.978,0.71,Treatment
2,Kealia,K31E,PD,115.4,33.7,0.202,125.69,622.556,1.609,0.707,Treatment
2,Kealia,K32E,PD,28.3,24.1,0.057,59.199,1039.672,0.473,0.197,Treatment
2,Kealia,K33E,PD,92.1,28.7,0.193,216.525,1123.002,0.78,0.601,Treatment
2,Kealia,K34E,PD,25.9,33.9,0.166,118.715,713.618,1.368,0.687,Treatment
2,Kealia,K35E,PD,90.8,36.9,0.185,104.264,562.154,1.175,0.683,Treatment
2,Kealia,K36E,PD,29.4,36.9,0.187,140.739,753.567,0.933,0.692,Treatment
2,Kealia,K37E,PD,56.9,32.5,0.177,120.815,682.153,1.194,0.698,Treatment
2,Kealia,K38E,PD,198.9,24.4,0.184,149.955,814.482,1.569,0.664,Treatment
2,Kealia,K39E,PD,196.5,26.1,0.225,151.504,674.252,1.769,0.669,Treatment
2,Kealia,K40E,PD,126.9,38.6,0.199,198.836,999.836,1.286,0.674,Treatment
3,Kealia,K11E,C,897.2,30.1,0.155,107.835,697.76,1.102,0.665,Treatment
3,Kealia,K12E,C,856.1,31.8,0.21,182.38,870.438,0.484,0.686,Treatment
3,Kealia,K13E,C,110.3,23,0.206,223.546,1085.86,0.932,0.657,Treatment
3,Kealia,K14E,C,220.2,30.1,0.2,200.587,1004.071,0.667,0.672,Treatment
3,Kealia,K15E,C,91.9,24.9,0.196,244.886,1249.505,0.857,0.641,Treatment
3,Kealia,K16E,C,222.3,34.5,0.208,217.46,1044.264,0.799,0.712,Treatment
3,Kealia,K17E,C,105.5,28.6,0.208,178.787,858.144,1.441,0.679,Treatment
3,Kealia,K18E,C,86.8,26,0.173,105.925,613.422,1.241,0.709,Treatment
3,Kealia,K19E,C,325,26.7,0.223,217.136,973.148,0.331,0.689,Treatment
3,Kealia,K20E,C,305.3,37.2,0.2,186.081,929.034,0.874,0.671,Treatment
3,Kealia,K31E,PD,49.5,30.5,0.173,96.154,555.638,1.202,0.727,Treatment
3,Kealia,K33E,PD,54.7,34.8,0.185,149.604,808.782,0.912,0.703,Treatment
3,Kealia,K34E,PD,83.6,7.7,0.181,113.064,623.091,1.125,0.647,Treatment
3,Kealia,K35E,PD,58.1,32.4,0.168,115.046,684.954,0.854,0.662,Treatment
3,Kealia,K36E,PD,70.7,37.1,0.189,160.74,850.477,1.255,0.71,Treatment
3,Kealia,K37E,PD,68.4,31.9,0.199,169.965,853.299,1.321,0.656,Treatment
3,Kealia,K38E,PD,62.9,27.2,0.187,171.583,919.117,1.324,0.647,Treatment
3,Kealia,K39E,PD,77.5,35.8,0.203,164.206,808.632,1.283,0.703,Treatment
3,Kealia,K40E,PD,35.9,25.1,0.193,221.098,1143.483,0.724,0.671,Treatment
4,Kealia,K11E,C,789.3,10.7,0.122,84.478,693.514,2.441,0.679,Treatment
4,Kealia,K12E,C,528.2,33.4,0.181,152.344,839.817,1.169,0.612,Treatment
4,Kealia,K13E,C,751.7,26.3,0.157,122.466,778.567,1.513,0.575,Treatment
4,Kealia,K14E,C,710.2,32.7,0.162,134.187,830.802,1.545,0.604,Treatment
4,Kealia,K15E,C,647.4,18,0.187,194.596,1043.301,1.444,0.659,Treatment
4,Kealia,K16E,C,633.2,29.9,0.178,168.856,946.457,2.347,0.624,Treatment
4,Kealia,K17E,C,539.9,20.7,0.193,203.447,1053.286,0.937,0.634,Treatment
4,Kealia,K18E,C,537.4,26.6,0.139,151.894,1093.519,1.349,0.543,Treatment
4,Kealia,K19E,C,598.5,27.3,0.176,162.867,924.515,1.254,0.576,Treatment
4,Kealia,K20E,C,561.7,30.1,0.176,152.702,865.275,1.132,0.57,Treatment
4,Kealia,K31E,PD,206.8,34.6,0.099,100.268,1012.589,0.138,0.286,Treatment
4,Kealia,K33E,PD,217.7,39.4,0.185,142.357,770.874,1.28,0.698,Treatment
4,Kealia,K34E,PD,61,29.2,0.159,106.524,670.72,1.277,0.714,Treatment
4,Kealia,K35E,PD,174.6,27.4,0.167,111.969,668.651,1.195,0.691,Treatment
4,Kealia,K36E,PD,352.6,42.9,0.175,145.749,830.675,0.916,0.644,Treatment
4,Kealia,K37E,PD,345.9,33.8,0.194,158.446,814.742,1.532,0.697,Treatment
4,Kealia,K38E,PD,405.1,36.1,0.188,182.892,974.088,0.608,0.69,Treatment
4,Kealia,K39E,PD,331.9,34.3,0.205,152.308,741.232,1.4,0.673,Treatment
4,Kealia,K40E,PD,105.4,24.4,0.116,62.23,537.778,1.101,0.508,Treatment
5,Kealia,K11E,C,897.1,29.2,0.167,161.411,969.238,1.019,0.599,Treatment
5,Kealia,K12E,C,706.3,24.8,0.197,171.628,872.888,1.403,0.654,Treatment
5,Kealia,K13E,C,803.5,22.8,0.176,191.417,1086.177,0.667,0.545,Treatment
5,Kealia,K14E,C,568.6,27.6,0.188,166.919,886.94,1.32,0.622,Treatment
5,Kealia,K15E,C,649.8,26.1,0.191,173.048,907.047,1.769,0.654,Treatment
5,Kealia,K16E,C,597.1,25.8,0.189,174.782,926.888,NA,0.702,Treatment
5,Kealia,K17E,C,507.4,25,0.231,220.687,955.741,1.583,0.702,Treatment
5,Kealia,K18E,C,126.8,19.6,0.159,144.183,905.265,2.333,0.619,Treatment
5,Kealia,K19E,C,598,26.3,0.147,140.499,958.743,0.683,0.516,Treatment
5,Kealia,K20E,C,549.4,25.4,0.18,153.109,849.865,1.219,0.582,Treatment
5,Kealia,K31E,PD,19.3,34.6,0.117,61.142,524.047,0.255,0.49,Treatment
5,Kealia,K33E,PD,206.6,46.7,0.178,141.749,796.94,0.697,0.693,Treatment
5,Kealia,K34E,PD,37.6,33.8,0.058,56.098,959.878,0.066,0.202,Treatment
5,Kealia,K35E,PD,92.1,37.1,0.194,123.948,639.763,0.64,0.711,Treatment
5,Kealia,K36E,PD,223.6,39.6,0.199,168.532,845.386,0.789,0.665,Treatment
5,Kealia,K37E,PD,115,42.3,0.171,150.316,879.759,0.864,0.596,Treatment
5,Kealia,K38E,PD,202.3,41.9,0.192,165.748,863.975,0.506,0.644,Treatment
5,Kealia,K39E,PD,166.3,34.2,0.195,186.905,956.051,0.748,0.675,Treatment
6,Kealia,K11E,C,549.1,30.3,0.227,346.338,1526.362,0.432,0.69,Pre-Recovery
6,Kealia,K12E,C,519,35.4,0.227,299.22,1315.868,1.119,0.696,Pre-Recovery
6,Kealia,K13E,C,455.6,35.8,0.238,400.361,1679.996,0.306,0.703,Pre-Recovery
6,Kealia,K14E,C,386.9,29,0.214,353.71,1652.589,0.898,0.67,Pre-Recovery
6,Kealia,K15E,C,357.8,38.1,0.225,281.074,1249.142,0.733,0.769,Pre-Recovery
6,Kealia,K16E,C,368.6,37.6,0.213,326.832,1536.719,NA,NA,Pre-Recovery
6,Kealia,K17E,C,391.7,27.6,0.26,215.788,828.885,NA,NA,Pre-Recovery
6,Kealia,K18E,C,30,31.1,0.204,187.263,917.051,0.983,0.689,Pre-Recovery
6,Kealia,K19E,C,120.4,35.1,0.234,357.095,1523.6,NA,NA,Pre-Recovery
6,Kealia,K20E,C,196.4,33.7,0.227,350.186,1539.672,0.823,0.699,Pre-Recovery
6,Kealia,K33E,PD,24.7,42.9,0.212,213.345,1005.056,0.429,0.689,Pre-Recovery
6,Kealia,K35E,PD,62.9,23.9,0.257,279.329,1087.627,0.481,0,Pre-Recovery
6,Kealia,K36E,PD,43.6,46.3,0.244,295.154,1209.38,0.175,0.77,Pre-Recovery
6,Kealia,K37E,PD,18.9,35.5,0.166,107.725,650.345,NA,NA,Pre-Recovery
6,Kealia,K38E,PD,159.3,35.5,0.234,268.034,1143.253,0.439,0.659,Pre-Recovery
6,Kealia,K39E,PD,84.1,36.3,0.186,164.888,884.422,NA,NA,Pre-Recovery
7,Kealia,K11E,C,842.5,28.5,0.22,302.174,1374.293,0.17,0.565,Mid-Recovery
7,Kealia,K12E,C,957.8,30.8,0.237,407.444,1721.33,0.175,0.612,Mid-Recovery
7,Kealia,K13E,C,721.8,22.4,0.216,446.802,2064.79,NA,0.596,Mid-Recovery
7,Kealia,K14E,C,891.9,27.5,0.233,377.044,1621.364,0.76,0.67,Mid-Recovery
7,Kealia,K15E,C,788.4,27.6,0.193,217.811,1125.785,0.889,0.662,Mid-Recovery
7,Kealia,K16E,C,904.4,29.2,0.214,454.781,2122.907,NA,0.662,Mid-Recovery
7,Kealia,K17E,C,662,24.2,0.295,190.1,645.009,NA,0.733,Mid-Recovery
7,Kealia,K19E,C,258.7,27.2,0.25,331.649,1325.369,NA,0.66,Mid-Recovery
7,Kealia,K20E,C,467.7,31.8,0.243,275.129,1130.483,NA,0.663,Mid-Recovery
7,Kealia,K33E,PD,780.8,37.4,0.22,497.235,2260.103,0.324,0.667,Mid-Recovery
7,Kealia,K35E,PD,541,41.9,NA,NA,NA,NA,0.738,Mid-Recovery
7,Kealia,K36E,PD,552,44.5,0.243,323.631,1329.718,0.69,0.733,Mid-Recovery
7,Kealia,K37E,PD,680.9,37.5,0.238,370.289,1556.043,,0.646,Mid-Recovery
7,Kealia,K38E,PD,822.3,33.5,0.222,442.659,1997.462,0.466,0.635,Mid-Recovery
7,Kealia,K39E,PD,644,33.6,0.244,390.831,1601.007,0.54,0.714,Mid-Recovery
8,Kealia,K11E,C,413.9,26.5,NA,NA,NA,NA,0.63,Post-Recovery
8,Kealia,K12E,C,838.4,25.8,0.23,356.427,1549.965,0.204,0.714,Post-Recovery
8,Kealia,K13E,C,566.6,27.8,0.219,449.802,2058.505,0.356,0.707,Post-Recovery
8,Kealia,K14E,C,710.9,38.9,0.204,440.319,2160.583,0.437,0.706,Post-Recovery
8,Kealia,K15E,C,388.3,29.2,0.24,377.639,1572.662,0.673,0.728,Post-Recovery
8,Kealia,K16E,C,667,37.9,0.224,596.332,2660.448,0.313,0.714,Post-Recovery
8,Kealia,K17E,C,791.5,27.2,0.229,403.258,1757.521,0.37,0.721,Post-Recovery
8,Kealia,K19E,C,508.8,32.1,0.233,577.612,2475.45,0.423,0.73,Post-Recovery
8,Kealia,K20E,C,371.8,24.4,0.21,464.073,2204.913,0.743,0.746,Post-Recovery
8,Kealia,K33E,PD,533.9,23.8,0.208,332.613,1602.446,0.471,0.63,Post-Recovery
8,Kealia,K35E,PD,390.2,34.2,0.233,382.929,1645.396,0.21,0.707,Post-Recovery
8,Kealia,K36E,PD,551.3,28.3,0.224,458.642,2049.084,0.221,0.681,Post-Recovery
8,Kealia,K37E,PD,560.5,24.7,0.231,297.186,1285.756,NA,0.569,Post-Recovery
8,Kealia,K38E,PD,695.1,29.5,0.229,480.461,2095.658,0.242,0.688,Post-Recovery
8,Kealia,K39E,PD,719.4,28.6,0.233,357.233,1532.135,0.806,0.661,Post-Recovery
1,Kahanahaiki,K11G,C,320.2,31.3,0.201,364.001,1809.573,0.246,0.568,Treatment
1,Kahanahaiki,K12G,C,855.9,23.9,0.198,147.979,746.914,1.786,0.654,Treatment
1,Kahanahaiki,K13G,C,133.5,39.1,0.187,125.177,667.893,1.414,0.678,Treatment
1,Kahanahaiki,K14G,C,812.3,38.7,0.179,173.614,968.908,1.195,0.623,Treatment
1,Kahanahaiki,K15G,C,103.4,29.1,0.193,262.408,1362.923,1.221,0.662,Treatment
1,Kahanahaiki,K16G,C,867.9,37.5,0.182,202.267,1110.896,0.863,0.621,Treatment
1,Kahanahaiki,K17G,C,1009.8,30.5,0.18,165.206,918.886,0.921,0.537,Treatment
1,Kahanahaiki,K18G,C,316.4,17.5,0.176,64.531,367.468,NA,0.541,Treatment
1,Kahanahaiki,K19G,C,671.1,15.8,0.135,77.259,571.428,0.752,0.445,Treatment
1,Kahanahaiki,K20G,C,831.2,31.8,0.183,190.787,1041.656,0.713,0.603,Treatment
1,Kahanahaiki,K31G,PD,784.7,35.8,0.189,158.622,837.101,1.376,0.675,Treatment
1,Kahanahaiki,K32G,PD,559.6,21.7,0.172,86.458,503.629,1.438,0.654,Treatment
1,Kahanahaiki,K33G,PD,438.2,31.7,0.197,116.232,590.252,1.409,0.701,Treatment
1,Kahanahaiki,K34G,PD,680.2,18,0.151,96.255,639.493,1.363,0.502,Treatment
1,Kahanahaiki,K35G,PD,657.6,32.6,0.198,131.912,665.263,1.571,0.73,Treatment
1,Kahanahaiki,K36G,PD,725.9,39.7,0.212,314.39,1485.903,0.571,0.697,Treatment
1,Kahanahaiki,K37G,PD,403.9,38.5,0.201,116.953,581.352,1.751,0.649,Treatment
1,Kahanahaiki,K38G,PD,852.5,31.6,0.207,147.034,711.958,1.829,0.709,Treatment
1,Kahanahaiki,K39G,PD,116.7,41.8,0.198,119.498,602.898,1.852,0.683,Treatment
1,Kahanahaiki,K40G,PD,373.4,41.1,0.186,119.486,643.667,1.644,0.758,Treatment
2,Kahanahaiki,K11G,C,67.9,7.4,0.19,122.433,642.945,1.86,0.712,Treatment
2,Kahanahaiki,K12G,C,710.1,33.9,0.153,86.817,566.713,1.381,0.713,Treatment
2,Kahanahaiki,K13G,C,681.6,32.3,0.159,114.689,720.855,1.644,0.7,Treatment
2,Kahanahaiki,K14G,C,630.1,27.4,0.159,88.11,552.862,1.993,0.651,Treatment
2,Kahanahaiki,K15G,C,568.2,33.1,0.182,106.165,583.686,1.795,0.651,Treatment
2,Kahanahaiki,K16G,C,287.1,21.8,0.196,143.854,735.32,1.782,0.68,Treatment
2,Kahanahaiki,K17G,C,579.3,27.5,0.189,77.414,409.85,2.497,0.654,Treatment
2,Kahanahaiki,K18G,C,399.9,21.7,0.205,144.76,707.425,1.765,0.747,Treatment
2,Kahanahaiki,K19G,C,379.1,30.2,0.2,111.913,558.567,1.822,0.686,Treatment
2,Kahanahaiki,K20G,C,477.7,30,0.192,116.211,606.045,1.939,0.667,Treatment
2,Kahanahaiki,K31G,PD,280.5,31.9,0.163,113.961,699.681,1.205,0.695,Treatment
2,Kahanahaiki,K32G,PD,156.9,27.9,0.179,98.492,549.542,1.542,0.585,Treatment
2,Kahanahaiki,K33G,PD,264.4,27.6,0.068,63.832,932.866,0.457,0.229,Treatment
2,Kahanahaiki,K34G,PD,243.7,28,0.204,136.454,667.391,1.317,0.658,Treatment
2,Kahanahaiki,K35G,PD,175.9,35.7,0.158,122.856,776.548,1.778,0.568,Treatment
2,Kahanahaiki,K36G,PD,91.5,31.6,0.195,147.764,759.013,1.412,0.672,Treatment
2,Kahanahaiki,K37G,PD,35.5,35.4,0.182,101.392,557.551,1.521,0.592,Treatment
2,Kahanahaiki,K38G,PD,405.9,39.6,0.198,142.085,715.978,1.308,0.689,Treatment
2,Kahanahaiki,K39G,PD,183.3,27.4,0.214,222.51,1038.308,1.043,0.642,Treatment
2,Kahanahaiki,K40G,PD,203.6,30,0.209,136.933,655.473,1.37,0.663,Treatment
3,Kahanahaiki,K11G,C,984.7,21.3,0.188,220.77,1171.715,0.511,0.532,Treatment
3,Kahanahaiki,K12G,C,902.2,47.2,0.173,116.736,676.571,0.685,0.509,Treatment
3,Kahanahaiki,K13G,C,805.3,34.7,0.178,165.972,934.185,0.301,0.503,Treatment
3,Kahanahaiki,K14G,C,759.7,43.3,0.201,205.582,1024.791,0.935,0.639,Treatment
3,Kahanahaiki,K15G,C,604.3,29.5,0.2,204.524,1024.002,0.685,0.627,Treatment
3,Kahanahaiki,K16G,C,530,31.4,0.193,216.885,1123.317,1.065,0.621,Treatment
3,Kahanahaiki,K17G,C,975.2,29.4,0.2,172.116,861.581,0.777,0.606,Treatment
3,Kahanahaiki,K18G,C,727.3,15.8,0.191,234.666,1230.669,0.973,0.594,Treatment
3,Kahanahaiki,K19G,C,575.8,28.1,0.197,187.43,953.156,1.471,0.669,Treatment
3,Kahanahaiki,K20G,C,743.9,38.1,0.185,108.877,587.114,0.716,0.568,Treatment
3,Kahanahaiki,K31G,PD,249.9,37.8,0.203,87.85,432.934,0.837,0.724,Treatment
3,Kahanahaiki,K32G,PD,426.1,31.5,0.191,109.96,577.067,1.736,0.617,Treatment
3,Kahanahaiki,K33G,PD,202,32.1,0.12,130.601,1087.806,0.516,0.402,Treatment
3,Kahanahaiki,K34G,PD,376.4,17.1,0.197,104.762,531.946,0.983,0.676,Treatment
3,Kahanahaiki,K35G,PD,203.3,37.9,0.205,140.485,683.633,1.401,0.688,Treatment
3,Kahanahaiki,K36G,PD,261.1,33.9,0.199,141.775,711.699,1.192,0.644,Treatment
3,Kahanahaiki,K38G,PD,313.5,48.3,0.156,122.667,788.001,0.923,0.571,Treatment
3,Kahanahaiki,K39G,PD,331.5,39.4,0.191,132.195,692.769,1.556,0.697,Treatment
3,Kahanahaiki,K40G,PD,43.1,19.7,0.094,67.88,720.624,0.39,0.303,Treatment
4,Kahanahaiki,K11G,C,785.4,25,0.218,208.421,954.809,0.772,0.639,Pre-Recovery
4,Kahanahaiki,K12G,C,710.6,36.9,0.18,134.741,749.425,1.465,0.663,Pre-Recovery
4,Kahanahaiki,K13G,C,671.3,32,0.202,173.194,857.666,1.57,0.713,Pre-Recovery
4,Kahanahaiki,K14G,C,604.2,35.9,0.189,131.93,698.399,1.445,0.66,Pre-Recovery
4,Kahanahaiki,K15G,C,558.5,38.6,0.194,195.639,1006.946,1.134,0.699,Pre-Recovery
4,Kahanahaiki,K16G,C,473.3,35.5,0.193,157.105,812.744,1.281,0.666,Pre-Recovery
4,Kahanahaiki,K17G,C,583.7,28.6,0.199,128.28,644.442,1.601,0.67,Pre-Recovery
4,Kahanahaiki,K18G,C,448.3,15.8,0.203,124.846,616.005,1.755,0.687,Pre-Recovery
4,Kahanahaiki,K19G,C,620.5,32.4,0.22,132.059,600.897,0.992,0.726,Pre-Recovery
4,Kahanahaiki,K20G,C,307.3,35.9,0.198,163.545,824.91,1.176,0.717,Pre-Recovery
4,Kahanahaiki,K31G,PD,73.1,30.9,0.167,50.578,303.175,0.773,0.725,Pre-Recovery
4,Kahanahaiki,K32G,PD,156.5,27.9,0.171,109.234,639.953,1.024,0.582,Pre-Recovery
4,Kahanahaiki,K34G,PD,31.3,26,0.176,61.398,348.944,0.519,0.626,Pre-Recovery
4,Kahanahaiki,K35G,PD,199.1,36.4,0.155,99.656,644.247,1.05,0.624,Pre-Recovery
4,Kahanahaiki,K36G,PD,145.9,34.4,0.172,107.836,625.996,0.844,0.65,Pre-Recovery
4,Kahanahaiki,K38G,PD,69.8,38.2,0.151,96.909,640.918,0.681,0.592,Pre-Recovery
4,Kahanahaiki,K39G,PD,76.3,33.8,0.181,124.189,687.455,1.056,0.7,Pre-Recovery
5,Kahanahaiki,K11G,C,711.6,21.3,0.226,281.564,1244.223,0.82,0.648,Mid-Recovery
5,Kahanahaiki,K12G,C,587.5,27.9,0.224,421.317,1877.171,0.811,0.688,Mid-Recovery
5,Kahanahaiki,K13G,C,456,36.9,0.23,457.69,1989.242,NA,0.699,Mid-Recovery
5,Kahanahaiki,K14G,C,537.5,32.5,0.219,288.676,1317.597,0.667,0.688,Mid-Recovery
5,Kahanahaiki,K15G,C,544.2,34.9,0.2,100,500,NA,0.524,Mid-Recovery
5,Kahanahaiki,K16G,C,477.4,22.7,0.2,100,500,NA,0.646,Mid-Recovery
5,Kahanahaiki,K17G,C,508.9,38.9,0.241,385.597,1599.57,0.925,0.667,Mid-Recovery
5,Kahanahaiki,K18G,C,489.2,30.5,0.234,468.276,2004.489,0.644,0.711,Mid-Recovery
5,Kahanahaiki,K19G,C,458.9,29.6,0.24,297.747,1239.442,0.534,0.732,Mid-Recovery
5,Kahanahaiki,K20G,C,513.6,25.4,0.241,418.785,1738.383,0.673,0.747,Mid-Recovery
5,Kahanahaiki,K31G,PD,162.9,31.4,0.222,148.574,668.406,0.844,0.676,Mid-Recovery
5,Kahanahaiki,K32G,PD,407.7,30,0.189,233.425,1237.913,0.453,0.57,Mid-Recovery
5,Kahanahaiki,K35G,PD,91.1,35.5,0.216,282.905,1309.525,1.196,0.67,Mid-Recovery
5,Kahanahaiki,K36G,PD,290.3,36.8,0.235,318.101,1355.55,0.75,0.679,Mid-Recovery
5,Kahanahaiki,K38G,PD,221.1,39.1,0.241,301.55,1252.1,0.582,0.667,Mid-Recovery
5,Kahanahaiki,K39G,PD,96,33,0.204,235.005,1150.419,1.296,0.637,Mid-Recovery
6,Kahanahaiki,K11G,C,596.6,20.8,0.237,255.327,1077.657,1.148,0.702,Post-Recovery
6,Kahanahaiki,K12G,C,511.3,28,0.217,361.548,1662.676,0.364,0.711,Post-Recovery
6,Kahanahaiki,K13G,C,328,28.9,0.227,281.622,1239.251,1.264,0.758,Post-Recovery
6,Kahanahaiki,K14G,C,536.7,33,0.2,100,500,NA,0.646,Post-Recovery
6,Kahanahaiki,K15G,C,587.3,44.2,0.217,564.156,2602.367,0.525,0.71,Post-Recovery
6,Kahanahaiki,K16G,C,450.8,34.8,0.228,294.1,1290.899,0.661,0.731,Post-Recovery
6,Kahanahaiki,K17G,C,477.3,34,0.228,318.206,1398.628,0.694,0.73,Post-Recovery
6,Kahanahaiki,K18G,C,567.9,12.9,NA,NA,NA,NA,0.705,Post-Recovery
6,Kahanahaiki,K19G,C,430.8,33.6,0.224,419.713,1871.543,0.563,0.739,Post-Recovery
6,Kahanahaiki,K20G,C,386.9,25.9,0.235,273.431,1162.898,1.475,0.699,Post-Recovery
6,Kahanahaiki,K31G,PD,450.1,37.5,0.221,604.725,2733.642,0.161,0.639,Post-Recovery
6,Kahanahaiki,K32G,PD,243.7,36,0.199,336.386,1687.001,0.352,0.618,Post-Recovery
6,Kahanahaiki,K35G,PD,344.4,30.5,0.258,311.81,1207.951,0.719,0.718,Post-Recovery
6,Kahanahaiki,K36G,PD,448.9,24.7,0.234,344.368,1471.333,0.704,0.728,Post-Recovery
6,Kahanahaiki,K38G,PD,280.3,43.6,0.222,293.371,1323.467,0.631,0.73,Post-Recovery
6,Kahanahaiki,K39G,PD,815.7,46,0.246,484.777,1969.026,NA,0.658,Post-Recovery
1,Ohikilolo2,K11F,C,591.7,22.8,0.196,162.636,830.545,0.635,0.687,Treatment
1,Ohikilolo2,K12F,C,619.4,26.7,0.192,163.658,851.002,1.183,0.643,Treatment
1,Ohikilolo2,K13F,C,104.3,37.7,0.219,128.876,588.266,1.324,0.686,Treatment
1,Ohikilolo2,K14E,C,564.9,25.6,0.153,84.598,553.112,0.797,0.716,Treatment
1,Ohikilolo2,K15F,C,661,30.9,0.213,249.371,1169.119,0.504,0.698,Treatment
1,Ohikilolo2,K16F,C,607.2,29.8,0.215,160.707,749.103,1.484,0.758,Treatment
1,Ohikilolo2,K17F,C,258.4,26.4,0.217,193.122,890.165,1.339,0.737,Treatment
1,Ohikilolo2,K18F,C,137.2,31.9,0.217,208.622,960.576,0.972,0.697,Treatment
1,Ohikilolo2,K19F,C,215.9,32.3,0.167,115.075,687.697,1.106,0.687,Treatment
1,Ohikilolo2,K20F,C,252.5,34.4,0.197,198.023,1005.164,0.921,0.691,Treatment
1,Ohikilolo2,K31F,PD,61.4,28.3,0.19,236.972,1250.39,0.636,0.587,Treatment
1,Ohikilolo2,K32F,PD,190.2,26.6,0.161,114.401,711.118,1.09,0.631,Treatment
1,Ohikilolo2,K33F,PD,303.2,31.5,0.183,167.187,912.019,1.418,0.627,Treatment
1,Ohikilolo2,K34F,PD,208.6,28.9,0.21,192.982,919.747,1.263,0.682,Treatment
1,Ohikilolo2,K35F,PD,125.3,23.3,0.147,146.772,1001.663,1.026,0.578,Treatment
1,Ohikilolo2,K36F,PD,95.9,22.9,0.195,321.894,1647.052,0.642,0.603,Treatment
1,Ohikilolo2,K37F,PD,62.6,27.9,0.174,153.807,882.568,1.024,0.546,Treatment
1,Ohikilolo2,K38F,PD,64.8,29.4,0.177,161.474,912.785,1.348,0.608,Treatment
1,Ohikilolo2,K39F,PD,65.4,26.1,0.198,150.408,761.006,1.96,0.702,Treatment
1,Ohikilolo2,K40F,PD,172.8,30.6,0.216,22.503,1021.782,0.839,0.649,Treatment
2,Ohikilolo2,K11F,C,859.4,29.1,0.171,110.386,644.9,1.474,0.66,Treatment
2,Ohikilolo2,K12F,C,807.2,28.3,0.177,127.993,724.545,1.4,0.676,Treatment
2,Ohikilolo2,K13F,C,60.6,34.1,0.196,116.208,594.037,1.93,0.637,Treatment
2,Ohikilolo2,K14E,C,70.9,30.9,0.203,238.213,1174.948,0.906,0.667,Treatment
2,Ohikilolo2,K15F,C,413.2,35.2,0.204,196.95,964.307,1.442,0.66,Treatment
2,Ohikilolo2,K16F,C,276.6,36.7,0.199,204.025,1023.955,1.134,0.687,Treatment
2,Ohikilolo2,K17F,C,98.8,37.4,0.193,253.307,1310.738,0.724,0.645,Treatment
2,Ohikilolo2,K18F,C,832.5,35.3,0.21,246.496,1174.262,0.344,0.646,Treatment
2,Ohikilolo2,K19F,C,849,39.4,0.192,206.636,1078.997,0.738,0.678,Treatment
2,Ohikilolo2,K20F,C,918.3,26,0.198,221.963,1118.546,0.841,0.638,Treatment
2,Ohikilolo2,K31F,PD,804.4,33.1,0.188,207.078,1102.332,0.512,0.611,Treatment
2,Ohikilolo2,K32F,PD,983.4,28.6,0.198,212.754,1072.288,0.848,0.643,Treatment
2,Ohikilolo2,K33F,PD,890.7,33,0.188,217.93,1160.99,0.488,0.601,Treatment
2,Ohikilolo2,K34F,PD,580.5,33.3,0.196,166.793,850.435,0.83,0.591,Treatment
2,Ohikilolo2,K35F,PD,967.8,35.1,0.182,215.595,1185.318,0.617,0.615,Treatment
2,Ohikilolo2,K36F,PD,787.5,31.2,0.201,148.571,738.974,1.433,0.62,Treatment
2,Ohikilolo2,K37F,PD,891.9,37.8,0.18,214.308,1188.215,0.61,0.572,Treatment
2,Ohikilolo2,K38F,PD,521.3,30.6,0.181,155.954,862.12,1.133,0.668,Treatment
2,Ohikilolo2,K39F,PD,391.8,34.3,0.208,178.742,859.646,1.356,0.726,Treatment
2,Ohikilolo2,K40F,PD,841.5,33.2,0.23,166.016,721.685,1.69,0.697,Treatment
3,Ohikilolo2,K11F,C,956.3,29,0.188,133.308,707.712,2.04,0.708,Treatment
3,Ohikilolo2,K12F,C,764.3,27.8,0.189,129.421,684.815,2.122,0.719,Treatment
3,Ohikilolo2,K13F,C,56.3,32,0.229,134.55,588.346,1.308,0.751,Treatment
3,Ohikilolo2,K14F,C,741.8,37.7,0.184,133.874,726.626,1.854,0.689,Treatment
3,Ohikilolo2,K15F,C,805,35.3,0.203,158.492,779.506,1.747,0.687,Treatment
3,Ohikilolo2,K16F,C,807.9,35.9,0.19,146.51,770.299,2.072,0.693,Treatment
3,Ohikilolo2,K17F,C,783.1,31.9,0.202,93.873,463.614,2.533,0.693,Treatment
3,Ohikilolo2,K18F,C,763.1,36.6,0.194,10.393,931.452,1.292,0.656,Treatment
3,Ohikilolo2,K19F,C,635.2,39.2,0.185,163.23,881.768,1.205,0.636,Treatment
3,Ohikilolo2,K20F,C,777,38.1,0.177,172.564,972.374,1.068,0.655,Treatment
3,Ohikilolo2,K31F,PD,361.7,39.1,0.183,151.259,826.407,1.164,0.61,Treatment
3,Ohikilolo2,K32F,PD,531.1,34.9,0.184,145.192,789.737,1.317,0.676,Treatment
3,Ohikilolo2,K33F,PD,562.1,32.6,0.191,211.281,1107.596,0.934,0.62,Treatment
3,Ohikilolo2,K34F,PD,427.6,32.6,0.201,125.594,624.926,1.342,0.66,Treatment
3,Ohikilolo2,K35F,PD,497.9,42.1,0.206,187.399,910.726,1.443,0.726,Treatment
3,Ohikilolo2,K36F,PD,746.5,31.9,0.21,121.225,576.012,2.387,0.715,Treatment
3,Ohikilolo2,K37F,PD,458.3,26.1,0.204,140.995,691.451,1.477,0.695,Treatment
3,Ohikilolo2,K38F,PD,346.4,30,0.178,102.461,575.582,1.949,0.753,Treatment
3,Ohikilolo2,K39F,PD,201.4,29.1,0.192,110.597,574.864,0.712,0.733,Treatment
3,Ohikilolo2,K40F,PD,577.3,35.3,0.177,112.955,638.779,2.162,0.738,Treatment
4,Ohikilolo2,K11F,C,765.1,29.4,0.208,212.551,1021.658,0.756,0.72,Treatment
4,Ohikilolo2,K12F,C,828.2,35.4,0.206,197.765,960.169,1.236,0.651,Treatment
4,Ohikilolo2,K13F,C,80.9,34.7,0.12,135.067,1121.683,0.784,0.456,Treatment
4,Ohikilolo2,K14F,C,451.7,27.2,0.218,159.333,731.111,1.133,0.675,Treatment
4,Ohikilolo2,K15F,C,671.7,34.9,0.22,268.035,1217.702,0.691,0.681,Treatment
4,Ohikilolo2,K16F,C,555.8,34,0.198,221.668,1121.343,0.741,0.697,Treatment
4,Ohikilolo2,K17F,C,642.8,36.6,0.204,284.171,1395.708,0.559,0.623,Treatment
4,Ohikilolo2,K18F,C,602.4,25,0.208,218.646,1051.316,1.041,0.661,Treatment
4,Ohikilolo2,K19F,C,341.8,39.4,0.211,137.581,650.912,1.087,0.685,Treatment
4,Ohikilolo2,K20F,C,588.8,30,0.196,182.309,931.415,0.812,0.683,Treatment
4,Ohikilolo2,K31F,PD,97.3,46.6,0.182,97.45,536.3,1.148,0.706,Treatment
4,Ohikilolo2,K32F,PD,213.9,36.1,0.181,122.344,675.293,0.806,0.6,Treatment
4,Ohikilolo2,K33F,PD,337.6,29.8,0.197,183.455,930.032,0.88,0.662,Treatment
4,Ohikilolo2,K34F,PD,279.7,34.1,0.194,154.606,796.499,0.965,0.681,Treatment
4,Ohikilolo2,K35F,PD,279.5,39.9,0.192,138.875,723.714,1.32,0.707,Treatment
4,Ohikilolo2,K36F,PD,142.7,34.4,0.205,157.199,766.684,1.062,0.669,Treatment
4,Ohikilolo2,K37F,PD,223.5,32.9,0.176,136.225,775.785,1.278,0.637,Treatment
4,Ohikilolo2,K38F,PD,29.5,23.4,0.168,119.741,714.612,1.468,0.692,Treatment
4,Ohikilolo2,K39F,PD,24.4,29.2,0.161,80.214,497.063,0.202,0.654,Treatment
4,Ohikilolo2,K40F,PD,263,28.3,0.212,163.742,772.141,1.525,0.693,Treatment
5,Ohikilolo2,K11F,C,702,36.8,0.289,136.905,473.709,NA,0.778,Pre-Recovery
5,Ohikilolo2,K12F,C,614.5,26.7,0.268,239.031,891.678,NA,0.672,Pre-Recovery
5,Ohikilolo2,K13F,C,138.8,20.5,NA,NA,NA,NA,0.659,Pre-Recovery
5,Ohikilolo2,K14F,C,376.1,28.6,0.26,102.779,395.286,NA,0.542,Pre-Recovery
5,Ohikilolo2,K15F,C,784.5,34,NA,NA,NA,NA,0.65,Pre-Recovery
5,Ohikilolo2,K16F,C,774,28.9,NA,NA,NA,NA,0.5,Pre-Recovery
5,Ohikilolo2,K17F,C,862.3,31.4,0.267,95.986,359.433,NA,0.608,Pre-Recovery
5,Ohikilolo2,K18F,C,743.5,41.8,NA,NA,NA,NA,0.636,Pre-Recovery
5,Ohikilolo2,K19F,C,301.6,29.9,NA,NA,NA,NA,0.702,Pre-Recovery
5,Ohikilolo2,K20F,C,770.7,33.1,NA,NA,NA,NA,0.641,Pre-Recovery
5,Ohikilolo2,K31F,PD,45.1,40.7,0.243,143.279,590.046,NA,0.686,Pre-Recovery
5,Ohikilolo2,K32F,PD,84.2,32.5,NA,NA,NA,NA,0.563,Pre-Recovery
5,Ohikilolo2,K33F,PD,30.2,40,0.256,124.202,485.314,NA,0.627,Pre-Recovery
5,Ohikilolo2,K34F,PD,136.3,38.9,0.269,107.921,401.241,NA,0.532,Pre-Recovery
5,Ohikilolo2,K35F,PD,143.3,47.2,NA,NA,NA,NA,0.649,Pre-Recovery
5,Ohikilolo2,K36F,PD,241.2,28.9,NA,NA,NA,NA,0.623,Pre-Recovery
5,Ohikilolo2,K37F,PD,143.8,40.5,NA,NA,NA,NA,0.617,Pre-Recovery
5,Ohikilolo2,K38F,PD,113.1,14.2,NA,NA,NA,NA,0.528,Pre-Recovery
5,Ohikilolo2,K40F,PD,260.2,29.8,0.22,66.294,301.57,NA,0.544,Pre-Recovery
6,Ohikilolo2,K11F,C,505.1,28.6,0.228,316.834,1386.756,0.38,0.653,Mid-Recovery
6,Ohikilolo2,K12F,C,93.6,22.8,0.233,285.513,1223.939,NA,0.663,Mid-Recovery
6,Ohikilolo2,K13F,C,122.5,21.9,0.234,296.812,1266.11,0.718,0.697,Mid-Recovery
6,Ohikilolo2,K14F,C,173.3,28.2,0.22,156.186,708.358,0.542,0.695,Mid-Recovery
6,Ohikilolo2,K15F,C,430.2,36.3,0.225,491.182,2184.401,0.339,0.733,Mid-Recovery
6,Ohikilolo2,K16F,C,336,29.8,0.24,694.174,2897.52,0.213,0.716,Mid-Recovery
6,Ohikilolo2,K17F,C,516.2,25.9,0.207,288.023,1388.468,0.886,0.729,Mid-Recovery
6,Ohikilolo2,K18F,C,501.4,37.3,0.244,550.368,2255.789,0.167,0.659,Mid-Recovery
6,Ohikilolo2,K19F,C,292,23.8,0.208,310.244,1488.481,0.362,0.633,Mid-Recovery
6,Ohikilolo2,K20F,C,459.6,31.4,0.244,323.315,1322.648,0.136,0.69,Mid-Recovery
6,Ohikilolo2,K31F,PD,386.1,35.3,0.225,465.235,2068.853,0.421,0.642,Mid-Recovery
6,Ohikilolo2,K32F,PD,435.6,31.6,0.217,346.245,1593.477,0.554,0.674,Mid-Recovery
6,Ohikilolo2,K33F,PD,127.1,42.5,0.242,383.222,1586.718,0.794,0.717,Mid-Recovery
6,Ohikilolo2,K34F,PD,409.7,37.5,0.204,409.647,2008.704,0.344,0.705,Mid-Recovery
6,Ohikilolo2,K35F,PD,410.3,36,0.223,426.712,1910.774,0.373,0.641,Mid-Recovery
6,Ohikilolo2,K36F,PD,397.4,34.4,0.205,614.577,3000.148,0.323,0.695,Mid-Recovery
6,Ohikilolo2,K37F,PD,453.1,27.1,0.219,419.509,1911.853,0.448,0.679,Mid-Recovery
6,Ohikilolo2,K40F,PD,345.3,43.9,0.234,337.349,1438.599,0.45,0.733,Mid-Recovery
7,Ohikilolo2,K11F,C,746.2,28.5,0.215,344.727,1606.163,0.038,0.564,Post-Recovery
7,Ohikilolo2,K12F,C,785.1,32.4,0.23,374.023,1626.187,0.417,0.696,Post-Recovery
7,Ohikilolo2,K13F,C,746.2,28.9,0.249,351.326,1408.484,0.655,0.67,Post-Recovery
7,Ohikilolo2,K14F,C,250.4,30.6,0.237,190.083,801.359,NA,0.621,Post-Recovery
7,Ohikilolo2,K15F,C,656.3,30.3,0.22,768.968,3489.684,NA,0.703,Post-Recovery
7,Ohikilolo2,K16F,C,703.2,27.3,0.224,441.883,1971.914,NA,0.691,Post-Recovery
7,Ohikilolo2,K17F,C,416.4,39.5,0.233,522.875,2244.844,NA,0.656,Post-Recovery
7,Ohikilolo2,K18F,C,698.3,34.8,0.248,409.349,1653.463,0.69,0.694,Post-Recovery
7,Ohikilolo2,K19F,C,412.8,29.1,0.219,435.088,1987.111,NA,0.66,Post-Recovery
7,Ohikilolo2,K20F,C,602.8,34,0.223,552.709,2483.634,0.311,0.638,Post-Recovery
7,Ohikilolo2,K31F,PD,578.8,34.8,0.23,400.28,1742.077,0.508,0.663,Post-Recovery
7,Ohikilolo2,K32F,PD,780.8,32,0.23,435.165,1888.926,NA,0.661,Post-Recovery
7,Ohikilolo2,K33F,PD,610.6,40.6,0.233,368.202,1581.666,0.189,0.587,Post-Recovery
7,Ohikilolo2,K34F,PD,880.8,30.7,0.211,450.999,2134.601,0.189,0.571,Post-Recovery
7,Ohikilolo2,K35F,PD,732.3,36.3,0.222,367.103,1653.694,NA,0.622,Post-Recovery
7,Ohikilolo2,K36F,PD,537.1,30.5,0.219,521.739,2380.883,0.286,0.597,Post-Recovery
7,Ohikilolo2,K37F,PD,630.5,32.3,0.224,279.122,1245.87,NA,0.657,Post-Recovery
7,Ohikilolo2,K40F,PD,683.7,42.6,0.244,570.94,2339.178,0.127,0.726,Post-Recovery
1,Makaha,K11H,C,564.6,31.4,0.197,129.087,654.458,1.616,0.678,Treatment
1,Makaha,K12H,C,647.6,29.1,0.201,201.708,1002.5,0.91,0.643,Treatment
1,Makaha,K13H,C,743.8,35.9,0.188,225.564,1197.587,1.015,0.649,Treatment
1,Makaha,K14H,C,560.9,21,0.175,194.898,1111.496,0.956,0.579,Treatment
1,Makaha,K15H,C,625.3,19.2,0.171,119.072,698.24,0.442,0.5,Treatment
1,Makaha,K16H,C,537.2,36.8,0.199,151.562,762.412,1.652,0.659,Treatment
1,Makaha,K17H,C,344.9,18.7,0.168,180.208,1071.389,0.573,0.534,Treatment
1,Makaha,K18H,C,527.9,22.7,0.176,119.789,679.022,1,0.599,Treatment
1,Makaha,K19H,C,389.2,29.8,0.189,188.704,998.572,1.936,0.634,Treatment
1,Makaha,K20H,C,546.3,40.1,0.215,205.88,959.475,1.41,0.707,Treatment
1,Makaha,K31H,PD,28.9,48.1,0.133,97.361,731.217,0.916,0.488,Treatment
1,Makaha,K32H,PD,462.5,15.1,0.157,147.771,940.933,1.245,0.564,Treatment
1,Makaha,K33H,PD,324.8,32.9,0.202,197.809,977.076,1.036,0.665,Treatment
1,Makaha,K34H,PD,600.2,25.4,0.184,160.725,872.369,1.358,0.598,Treatment
1,Makaha,K35H,PD,329.5,17.2,0.204,132.754,650.745,2.103,0.678,Treatment
1,Makaha,K36H,PD,505.7,30.3,0.19,182.141,958.068,1.213,0.662,Treatment
1,Makaha,K37H,PD,216.4,37.1,0.192,156.953,816.396,1.574,0.692,Treatment
1,Makaha,K38H,PD,258.1,21.6,0.18,141.536,786.121,1.563,0.596,Treatment
1,Makaha,K39H,PD,231.8,26.2,0.179,105.225,588.327,1.688,0.623,Treatment
1,Makaha,K40H,PD,366,26.5,0.181,153.946,848.433,1.367,0.601,Treatment
2,Makaha,K11H,C,500.4,30.6,NA,NA,NA,NA,0.722,Treatment
2,Makaha,K12H,C,469.8,33.5,NA,NA,NA,NA,0.738,Treatment
2,Makaha,K13H,C,544.6,20.2,NA,NA,NA,NA,0.5,Treatment
2,Makaha,K14H,C,400.6,26,NA,NA,NA,NA,0.706,Treatment
2,Makaha,K15H,C,409.6,19.9,NA,NA,NA,NA,0.476,Treatment
2,Makaha,K16H,C,251.3,27.9,NA,NA,NA,NA,0.706,Treatment
2,Makaha,K17H,C,285.3,28.5,NA,NA,NA,NA,0.667,Treatment
2,Makaha,K18H,C,277.3,23.4,NA,NA,NA,NA,0.714,Treatment
2,Makaha,K19H,C,251.8,34.6,NA,NA,NA,NA,0.703,Treatment
2,Makaha,K20H,C,469.4,37.2,NA,NA,NA,NA,NA,Treatment
2,Makaha,K31H,PD,79,22.8,NA,NA,NA,NA,NA,Treatment
2,Makaha,K32H,PD,125.3,26.1,NA,NA,NA,NA,NA,Treatment
2,Makaha,K33H,PD,195.4,27.9,NA,NA,NA,NA,0.517,Treatment
2,Makaha,K34H,PD,244.1,26.7,NA,NA,NA,NA,NA,Treatment
2,Makaha,K35H,PD,209.3,24.5,NA,NA,NA,NA,NA,Treatment
2,Makaha,K36H,PD,300.6,25.5,NA,NA,NA,NA,NA,Treatment
2,Makaha,K37H,PD,31.2,31.6,NA,NA,NA,NA,0.538,Treatment
2,Makaha,K38H,PD,160.4,29.8,NA,NA,NA,NA,NA,Treatment
2,Makaha,K39H,PD,226,30,NA,NA,NA,NA,NA,Treatment
2,Makaha,K40H,PD,232.7,26.8,NA,NA,NA,NA,0.694,Treatment
3,Makaha,K11H,C,733.7,33.2,0.232,284.956,1228.78,0.812,0.672,Treatment
3,Makaha,K12H,C,598.8,31.7,0.212,356.523,1681.96,0.136,0.613,Treatment
3,Makaha,K13H,C,771.4,28.4,0.25,323.561,1291.983,0.493,0.697,Treatment
3,Makaha,K14H,C,628.4,29.5,0.223,388.899,1745.928,0.268,0.654,Treatment
3,Makaha,K15H,C,757.8,25.9,0.222,339.395,1527.544,0.879,0.615,Treatment
3,Makaha,K16H,C,676.6,29.5,0.257,500.931,1948.302,NA,0.647,Treatment
3,Makaha,K17H,C,216.1,22.2,0.254,3000.336,1182.404,NA,0.662,Treatment
3,Makaha,K18H,C,445.5,32.1,0.225,433.852,1924.331,1.105,0.675,Treatment
3,Makaha,K19H,C,447.6,29.5,0.239,369.168,1541.949,0.855,0.661,Treatment
3,Makaha,K20H,C,512.7,28,0.226,341.081,1507.462,1.077,0.711,Treatment
3,Makaha,K31H,PD,38.3,21,NA,NA,NA,NA,0.389,Treatment
3,Makaha,K32H,PD,77.7,28,NA,NA,NA,NA,NA,Treatment
3,Makaha,K33H,PD,272.9,29.5,0.214,289.019,1347.429,0.647,0.667,Treatment
3,Makaha,K34H,PD,221.4,30.2,0.213,317.702,1494.441,0.542,0.648,Treatment
3,Makaha,K35H,PD,256.7,23.2,0.226,265.417,1174.119,0.92,0.677,Treatment
3,Makaha,K36H,PD,269.1,34.6,0.206,324.718,1576.423,0.63,0.625,Treatment
3,Makaha,K38H,PD,158.2,31,0.208,285.825,1372.301,0.92,0.646,Treatment
3,Makaha,K39H,PD,255.5,30,0.232,429.16,1852.268,0.769,0.707,Treatment
3,Makaha,K40H,PD,194,36.3,0.205,320.363,1559.766,0.839,0.667,Treatment
4,Makaha,K11H,C,263.3,36.6,0.197,242.994,1231.44,0.945,0.763,Treatment
4,Makaha,K12H,C,210.2,34.2,0.216,210.425,972.092,1.048,0.748,Treatment
4,Makaha,K13H,C,280.2,32.9,0.219,231.478,1058.21,1.141,0.776,Treatment
4,Makaha,K14H,C,150.2,28.8,0.22,325.427,1479.401,1.2,0.773,Treatment
4,Makaha,K15H,C,253.4,24.4,0.224,209.735,935.64,NA,0.767,Treatment
4,Makaha,K16H,C,289.5,26.6,0.237,242.835,1023.01,1.627,0.784,Treatment
4,Makaha,K17H,C,298.3,18.7,0.216,240.814,1114.206,1.442,0.787,Treatment
4,Makaha,K18H,C,261.2,44.1,0.276,191.423,692.554,NA,0.782,Treatment
4,Makaha,K19H,C,272.4,30.4,0.243,272.984,1121.355,NA,0.768,Treatment
4,Makaha,K20H,C,259.3,25.5,0.213,250.689,1174.87,1.421,0.754,Treatment
4,Makaha,K32H,PD,40.7,20.3,0.128,112.751,881.718,0.093,0.525,Treatment
4,Makaha,K33H,PD,158.2,19.8,0.229,189.56,826.547,0.286,0.778,Treatment
4,Makaha,K34H,PD,158,37.6,0.215,149.156,695.083,0.13,0.754,Treatment
4,Makaha,K35H,PD,139.9,33.1,0.229,139.916,611.117,0.158,0.748,Treatment
4,Makaha,K36H,PD,168.9,32.8,0.16,122.342,764.31,0.18,0.611,Treatment
4,Makaha,K38H,PD,117.8,29.2,0.212,188.083,887.642,0.447,0.75,Treatment
4,Makaha,K39H,PD,114.6,31.1,0.255,263.842,1035.279,0.373,0.761,Treatment
4,Makaha,K40H,PD,102.5,33.3,0.175,87.763,500.314,0.123,0.642,Treatment
5,Makaha,K11H,C,649.9,32.2,0.234,348.572,1489.908,0.514,0.66,Pre-Recovery
5,Makaha,K12H,C,612.8,30.7,0.229,499.621,2178.894,0.333,0.69,Pre-Recovery
5,Makaha,K13H,C,869.9,34.4,0.225,506.485,2251.918,0.317,0.671,Pre-Recovery
5,Makaha,K14H,C,355.9,31.1,0.226,299.425,1325.196,0.712,0.673,Pre-Recovery
5,Makaha,K15H,C,749.8,23.3,0.222,375.967,1692.828,0.325,0.657,Pre-Recovery
5,Makaha,K16H,C,718.4,34.2,0.226,406.567,1795.699,0.411,0.595,Pre-Recovery
5,Makaha,K17H,C,714.2,31.6,0.214,571.562,2673.213,0.155,0.612,Pre-Recovery
5,Makaha,K18H,C,714.6,32.1,0.261,254.109,973.3,NA,NA,Pre-Recovery
5,Makaha,K19H,C,783.3,32.2,0.215,417.98,1944.321,0.432,0.632,Pre-Recovery
5,Makaha,K20H,C,748.6,37.9,0.249,299.9,1203.267,NA,NA,Pre-Recovery
5,Makaha,K33H,PD,149.5,29.3,0.205,126.723,618.034,0.646,0.708,Pre-Recovery
5,Makaha,K34H,PD,132.7,24.4,0.206,158.695,768.856,NA,NA,Pre-Recovery
5,Makaha,K35H,PD,65.8,28.2,0.117,171.121,1461.367,0.62,0.469,Pre-Recovery
5,Makaha,K36H,PD,205.5,25.2,0.123,152.523,1240.274,0.394,0.38,Pre-Recovery
5,Makaha,K38H,PD,151.8,27.7,0.22,182.004,828.397,1.236,0.724,Pre-Recovery
5,Makaha,K39H,PD,76.2,27.3,0.144,134.712,936.744,NA,NA,Pre-Recovery
5,Makaha,K40H,PD,61.2,32.6,0.124,116.358,938.782,0.492,0.407,Pre-Recovery
6,Makaha,K11H,C,435.3,33,0.238,308.709,1297.276,0.407,256.4,Mid-Recovery
6,Makaha,K12H,C,543.9,34.9,0.22,428.038,1950.023,0.439,276.6,Mid-Recovery
6,Makaha,K13H,C,641.1,31.3,0.26,428.625,1646.844,NA,NA,Mid-Recovery
6,Makaha,K14H,C,361.1,32.3,0.237,317.156,1336.38,0.412,259.6,Mid-Recovery
6,Makaha,K15H,C,579.3,29,0.219,271.223,1238.794,0.359,226.2,Mid-Recovery
6,Makaha,K16H,C,412.5,36,0.219,347.669,1587.65,0.4,252,Mid-Recovery
6,Makaha,K17H,C,442.8,30.8,0.221,469.788,2125.569,NA,NA,Mid-Recovery
6,Makaha,K18H,C,464.6,33.9,0.262,283.649,1082.452,NA,NA,Mid-Recovery
6,Makaha,K19H,C,574.5,28.4,0.258,552.934,2146.12,NA,NA,Mid-Recovery
6,Makaha,K20H,C,563.7,32.7,0.232,476.243,2051.554,0.475,299.3,Mid-Recovery
6,Makaha,K33H,PD,382.1,28.5,0.206,290.089,1408.364,0.366,230.6,Mid-Recovery
6,Makaha,K34H,PD,264.1,34.7,0.216,230.536,1069.124,0.327,206,Mid-Recovery
6,Makaha,K35H,PD,215.1,21.8,0.207,389.796,1882,0.412,259.6,Mid-Recovery
6,Makaha,K36H,PD,393.3,14.5,0.258,552.934,2146.12,NA,NA,Mid-Recovery
6,Makaha,K38H,PD,311.3,30.7,0.236,305.166,1293.696,0.4,252,Mid-Recovery
6,Makaha,K39H,PD,313.2,31.2,0.235,5592.121,23817.131,NA,NA,Mid-Recovery
7,Makaha,K11H,C,621.2,25.8,0.228,457.998,2008.512,NA,0.692,Post-Recovery
7,Makaha,K12H,C,679.2,24.3,0.219,380.23,1734.834,0.42,0.634,Post-Recovery
7,Makaha,K13H,C,627,23.2,0.218,313.187,1437.723,0.364,0.689,Post-Recovery
7,Makaha,K14H,C,128.7,23.8,0.235,267.513,1136.71,NA,0.725,Post-Recovery
7,Makaha,K15H,C,670.6,23.8,0.211,244.743,1158.823,1.105,0.642,Post-Recovery
7,Makaha,K16H,C,439.5,17.5,0.224,325.698,1453.503,0.657,0.676,Post-Recovery
7,Makaha,K17H,C,675,20.8,0.202,336.667,1666.219,0.33,0.65,Post-Recovery
7,Makaha,K18H,C,491.4,24.5,0.211,343.747,1631.494,0.373,0.699,Post-Recovery
7,Makaha,K19H,C,646.2,19.9,0.212,379.053,1792.154,0.538,0.64,Post-Recovery
7,Makaha,K20H,C,582.3,25.1,0.219,390.695,1787.459,0.325,0.696,Post-Recovery
7,Makaha,K33H,PD,336.4,34.6,0.218,363.672,1670.931,0.684,0.771,Post-Recovery
7,Makaha,K34H,PD,536.4,35.6,0.248,334.828,1349.709,0.643,0.717,Post-Recovery
7,Makaha,K35H,PD,313.8,20.8,0.226,377.19,1670.807,0.34,0.592,Post-Recovery
7,Makaha,K36H,PD,378.8,36.2,0.215,228.427,1061.263,0.885,0.687,Post-Recovery
7,Makaha,K38H,PD,376.8,32.3,0.221,223.361,1012.447,0.805,0.712,Post-Recovery
7,Makaha,K39H,PD,310,33.2,0.221,260.746,1181.411,0.906,0.672,Post-Recovery
1,Ekahanui,K11I,C,776,30.9,NA,NA,NA,NA,NA,Treatment
1,Ekahanui,K12I,C,636.2,40.1,NA,NA,NA,NA,NA,Treatment
1,Ekahanui,K13I,C,345,25.9,NA,NA,NA,NA,NA,Treatment
1,Ekahanui,K14I,C,601.1,39.3,NA,NA,NA,NA,NA,Treatment
1,Ekahanui,K15I,C,546.3,39.2,NA,NA,NA,NA,NA,Treatment
1,Ekahanui,K16I,C,610.8,30.5,NA,NA,NA,NA,NA,Treatment
1,Ekahanui,K17I,C,474.3,10.6,NA,NA,NA,NA,NA,Treatment
1,Ekahanui,K18I,C,97,15,NA,NA,NA,NA,NA,Treatment
1,Ekahanui,K19I,C,571.1,26,NA,NA,NA,NA,NA,Treatment
1,Ekahanui,K20I,C,495.6,28.3,NA,NA,NA,NA,NA,Treatment
1,Ekahanui,K31I,PD,481,11,NA,NA,NA,NA,NA,Treatment
1,Ekahanui,K32I,PD,539.6,22.8,NA,NA,NA,NA,NA,Treatment
1,Ekahanui,K33I,PD,587.5,29.9,NA,NA,NA,NA,NA,Treatment
1,Ekahanui,K34I,PD,374.4,39.4,NA,NA,NA,NA,NA,Treatment
1,Ekahanui,K35I,PD,556.9,19.6,NA,NA,NA,NA,NA,Treatment
1,Ekahanui,K36I,PD,623,30.1,NA,NA,NA,NA,NA,Treatment
1,Ekahanui,K37I,PD,270.9,41,NA,NA,NA,NA,NA,Treatment
1,Ekahanui,K38I,PD,369,29.6,NA,NA,NA,NA,NA,Treatment
1,Ekahanui,K39I,PD,324.6,28.9,NA,NA,NA,NA,NA,Treatment
1,Ekahanui,K40I,PD,495.4,22.3,NA,NA,NA,NA,NA,Treatment
2,Ekahanui,K11I,C,416.4,19,0.231,316.253,1371.807,1.075,0.748,Treatment
2,Ekahanui,K12I,C,586.7,20.7,0.222,395.047,1780.712,0.86,0.642,Treatment
2,Ekahanui,K13I,C,574.5,30.8,0.214,377.685,1765.235,0.378,0.575,Treatment
2,Ekahanui,K14I,C,236.4,22.3,0.204,335.705,1649.271,0.678,0.616,Treatment
2,Ekahanui,K15I,C,605,38.3,0.214,383.232,1788.16,0.329,0.598,Treatment
2,Ekahanui,K16I,C,533,35.2,0.24,423.749,1765.704,0.705,0.702,Treatment
2,Ekahanui,K17I,C,170.3,17.4,0.2,252.414,1259.921,0.712,0.632,Treatment
2,Ekahanui,K18I,C,140.4,9.4,0.188,163.74,872.484,NA,0.57,Treatment
2,Ekahanui,K19I,C,503.2,28.3,0.234,411.18,1759.347,0.315,0.736,Treatment
2,Ekahanui,K20I,C,453.9,20.8,0.227,308.229,1360.139,0.524,0.696,Treatment
2,Ekahanui,K31I,PD,221.9,12.4,0.211,361.451,1715.322,NA,0.641,Treatment
2,Ekahanui,K32I,PD,189.7,39.2,0.217,217.173,1001.265,NA,0.597,Treatment
2,Ekahanui,K33I,PD,263.6,40.7,0.222,261.19,1174.091,NA,0.684,Treatment
2,Ekahanui,K34I,PD,21.6,45.3,0.174,205.892,1185.849,NA,0.448,Treatment
2,Ekahanui,K35I,PD,257.2,25.2,0.231,171.385,741.896,NA,0.63,Treatment
2,Ekahanui,K36I,PD,263.2,34.2,0.203,131.044,644.618,NA,0.56,Treatment
2,Ekahanui,K37I,PD,49.9,19.9,0.231,193.071,834.021,NA,0.658,Treatment
2,Ekahanui,K38I,PD,112,40,0.229,258.239,1129.846,NA,0.679,Treatment
2,Ekahanui,K39I,PD,67.8,20.9,0.219,268.481,1227.098,0.7,0.706,Treatment
2,Ekahanui,K40I,PD,174.6,37.6,NA,NA,NA,1.212,0.661,Treatment
3,Ekahanui,K11I,C,793.1,30.2,0.214,451.866,2114.401,0.092,0.606,Treatment
3,Ekahanui,K12I,C,851.1,40,0.204,323.004,1583.67,0.66,0.591,Treatment
3,Ekahanui,K13I,C,752.1,27.5,0.201,318.208,1583.458,0.082,0.591,Treatment
3,Ekahanui,K14I,C,605.2,36.5,0.236,321.95,1361.635,NA,0.566,Treatment
3,Ekahanui,K15I,C,816.4,25.6,0.204,444.622,2177.038,NA,0.577,Treatment
3,Ekahanui,K16I,C,652.1,26.5,0.217,452.095,2078.82,0.2,0.603,Treatment
3,Ekahanui,K17I,C,435.1,28.1,0.218,178.966,820.551,NA,0.585,Treatment
3,Ekahanui,K18I,C,65.3,22.7,NA,NA,NA,NA,0.5,Treatment
3,Ekahanui,K19I,C,564.2,11.5,0.237,297.375,1252.769,0.387,0.698,Treatment
3,Ekahanui,K20I,C,549,40.2,0.202,331.323,1639.195,0.962,0.683,Treatment
3,Ekahanui,K31I,PD,49.4,16.9,NA,NA,NA,NA,0.581,Treatment
3,Ekahanui,K32I,PD,111.8,18.4,0.172,199.942,1163.715,0.966,0.655,Treatment
3,Ekahanui,K33I,PD,127.7,27.6,0.19,175.736,925.828,0.614,0.673,Treatment
3,Ekahanui,K35I,PD,214.7,17.2,0.113,83.975,741.692,NA,0.328,Treatment
3,Ekahanui,K36I,PD,187.6,30.8,0.232,140.948,606.278,NA,0.593,Treatment
3,Ekahanui,K38I,PD,74.8,26.5,NA,NA,NA,NA,0.366,Treatment
3,Ekahanui,K40I,PD,121.4,31.5,0.2,186.466,933.719,NA,0.566,Treatment
4,Ekahanui,K11I,C,567.8,20.5,0.199,324.469,1626.989,0.522,0.629,Pre-Recovery
4,Ekahanui,K12I,C,534.4,34,0.205,222.462,1083.287,1.07,0.712,Pre-Recovery
4,Ekahanui,K13I,C,547.6,12.1,0.177,106.023,598.028,NA,NA,Pre-Recovery
4,Ekahanui,K14I,C,488.9,36.2,0.192,424.988,2215.74,0.439,0.561,Pre-Recovery
4,Ekahanui,K15I,C,708.9,32.6,0.194,332.079,1710.043,0.509,0.605,Pre-Recovery
4,Ekahanui,K16I,C,575.6,27.1,0.219,347.283,1583.537,0.585,0.631,Pre-Recovery
4,Ekahanui,K17I,C,112.9,6.4,0.246,185.967,756.681,NA,0.658,Pre-Recovery
4,Ekahanui,K18I,C,38.7,8.3,0.191,110.132,575.423,NA,0.551,Pre-Recovery
4,Ekahanui,K19I,C,512.5,21.8,0.227,638.787,2813.739,NA,0.603,Pre-Recovery
4,Ekahanui,K20I,C,688.3,16.7,0.193,320.718,1665.394,NA,0.603,Pre-Recovery
4,Ekahanui,K33I,PD,47.4,22.2,NA,NA,NA,NA,0.2,Pre-Recovery
4,Ekahanui,K36I,PD,73.7,29.5,0.182,129.119,711.316,NA,0.57,Pre-Recovery
4,Ekahanui,K40I,PD,36.7,29.5,0.151,132.233,877.699,0.76,0.477,Pre-Recovery
5,Ekahanui,K11I,C,616.8,25.1,0.202,265.508,1311.158,0.39,188.4,Mid-Recovery
5,Ekahanui,K12I,C,420.5,38.8,0.168,244.353,1454.711,0.336,162.3,Mid-Recovery
5,Ekahanui,K13I,C,574.7,8.3,0.141,77.271,547.061,NA,NA,Mid-Recovery
5,Ekahanui,K14I,C,476.1,30.5,0.228,219.128,960.293,0.388,187.4,Mid-Recovery
5,Ekahanui,K15I,C,599,30.2,0.191,254.672,1331.16,0.373,180.2,Mid-Recovery
5,Ekahanui,K16I,C,382.4,15.2,0.166,236.476,1425.481,0.327,157.9,Mid-Recovery
5,Ekahanui,K17I,C,323.3,15.9,0.203,414.687,2041.843,0.442,213.5,Mid-Recovery
5,Ekahanui,K19I,C,632.9,13.7,0.191,217.251,1137.603,0.35,169.1,Mid-Recovery
5,Ekahanui,K20I,C,518.3,14,0.161,200.715,1249.835,0.302,145.9,Mid-Recovery
5,Ekahanui,K36I,PD,378.6,31.9,0.133,120.879,911.515,0.217,104.8,Mid-Recovery
5,Ekahanui,K40I,PD,511.7,17.3,0.168,141.358,843.051,0.263,127,Mid-Recovery
6,Ekahanui,K11I,C,561.6,19.6,0.208,526.964,2535341,0.808,0.628,Post-Recovery
6,Ekahanui,K12I,C,504.3,12.2,0.222,232.32,1045.446,0.392,0.634,Post-Recovery
6,Ekahanui,K13I,C,351.7,4.1,NA,NA,NA,NA,NA,Post-Recovery
6,Ekahanui,K14I,C,560.9,33.3,0.228,325.42,1424.9,0.507,0.609,Post-Recovery
6,Ekahanui,K15I,C,694.7,31.7,0.223,318.069,"1,426,811",0.539,0.641,Post-Recovery
6,Ekahanui,K16I,C,295.3,17.5,0.218,247.845,1139.388,0.46,0.707,Post-Recovery
6,Ekahanui,K17I,C,332.9,16.8,0.23,184.953,803.069,0.115,0.586,Post-Recovery
6,Ekahanui,K19I,C,467.8,18.3,0.261,185.001,7009.443,0.241,0.672,Post-Recovery
6,Ekahanui,K20I,C,549.7,11.6,NA,NA,NA,NA,NA,Post-Recovery
6,Ekahanui,K36I,PD,548.4,24.9,0.238,352.439,1481.033,0.667,0.678,Post-Recovery
6,Ekahanui,K40I,PD,391.1,24.5,0.212,391.897,1849.076,0.431,0.616,Post-Recovery
